"Timestamp","Ik√§?","Sukupuoli?","Olen juossut viimeisen vuoden aikana","Viimeisen vuoden aikana teen v√§hint√§√§n puolituntia kest√§v√§√§ liikuntaa","Tavoitteenani on","Haaveissani olisi","Isoimmat esteet haaveilleni ovat kai","Olen k√§ynyt yhteislenkill√§","Yhteislenkki oli ","Minulle k√§tevi√§ treenipaikkoja olisivat ","K√§yn treeneiss√§ yleens√§","Paras ajoitus olisi (kellonaika) - [puhelin vaakatasoon] [Maanantai]","Paras ajoitus olisi (kellonaika) - [puhelin vaakatasoon] [Tiistai]","Paras ajoitus olisi (kellonaika) - [puhelin vaakatasoon] [Keskiviikko]","Paras ajoitus olisi (kellonaika) - [puhelin vaakatasoon] [Torstai]","Paras ajoitus olisi (kellonaika) - [puhelin vaakatasoon] [Perjantai]","Paras ajoitus olisi (kellonaika) - [puhelin vaakatasoon] [Lauantai]","Paras ajoitus olisi (kellonaika) - [puhelin vaakatasoon] [Sunnuntai]","Treenim√§√§r√§n√§ minusta olisi optimaalinen","Treenin tehokkuus tulisi olla mielest√§ni","Treenimaaston tulisi sis√§lt√§√§","Treeneist√§ tulisi ilmoittaa"
"2018/09/23 5:09:08 PM GMT+3","40-50","nainen","puolimaratonin","kolmesti tai nelj√§sti viikossa","nauttia luonnosta;tutustua uusiin paikkoihin liikunnan keinoin;voittaa itselleni asettamat haasteet;tutustua uusiin ihmisiin ja treenikavereihin;k√§yd√§ l√§pi useita luonnon tarjoamia n√§ht√§vyyksi√§","uskaltaa juosta l√§himets√§n ulkopuolella ilman kaveria;l√§heiset kansallispuistot;kisaaminen","Ajanpuute;Kaverin puute","En","","Laajis;Halssila;Kanavuori;Kuokkala;Sippulanniemi;Keljonkangas;Myllyj√§rvi","","","","","","","12-15","12-15","2 h","sellaista rallattelua ja v√§lill√§ pieni√§ iloitteluja (h√∂yryjen p√§√§st√§mist√§)","helppoa neulaspolkua;rymyp√§tki√§;kivikkoa;juurakkoa","kuukausi etuk√§teen"
"2018/09/23 5:11:07 PM GMT+3","40-50","nainen","maratonin","kolmesti tai nelj√§sti viikossa","nauttia luonnosta;kehitt√§√§ nopeuttani juoksijana;lis√§t√§ juoksumatkaa;voittaa itselleni asettamat haasteet;tutustua uusiin ihmisiin ja treenikavereihin","pidempi yhten√§inen p√§tk√§ vaellusreitist√∂ll√§;kisaaminen;polkujuoksu pohjoisessa suomessa","En uskalla kulkea uusilla reiteill√§ yksin;Ajanpuute;Kaverin puute","Joo","ihan sopiva kaikin puolin ja mukava","Laajis;Touruvuori;Halssila;Kanavuori;Kuokkala;Sippulanniemi","py√∂r√§ll√§;omalla autolla","","","","5-7","5-7","7-10;12-15","7-10;12-15","2 h;2 h 30 min","peruskest√§vyys-h√∂lkk√§√§ niin ettei sykkeet nouse;sellaista rallattelua ja v√§lill√§ pieni√§ iloitteluja (h√∂yryjen p√§√§st√§mist√§);pitk√§√§ raastoa;Erilaisia kimppalenkkivaihtoehtoja eritasoisten juoksijoiden tarpeisiin. üòä","helppoa neulaspolkua;paljon verttimetrej√§;rymyp√§tki√§;juurakkoa","muutama p√§iv√§ aiemmin riitt√§√§"
"2018/09/23 5:11:40 PM GMT+3","40-50","nainen","maratonin","yli viidesti viikossa","nauttia luonnosta;kehitt√§√§ nopeuttani juoksijana;lis√§t√§ juoksumatkaa;voittaa itselleni asettamat haasteet;tutustua uusiin ihmisiin ja treenikavereihin","l√§heiset kansallispuistot;pidempi yhten√§inen p√§tk√§ vaellusreitist√∂ll√§;kisaaminen;polkujuoksu pohjoisessa suomessa;polku- tai vuorijuoksu ulkomailla","Ajanpuute;Kaverin puute;Kulkuyhteydet;Laiskuus","Joo","minun tasolleni liian nopeaa","Halssila","omalla autolla","","17-19","17-19","17-19","17-19","12-15;10-12;15-17;17-19","12-15;10-12;15-17;17-19","30 min;45 min;1 h;1 h 30 min;2 h;2 h 30 min","maltillinen h√∂lkk√§ hitaimman mukaan;Olen hitaampi kuin etana tervassa ja se on suurin kynnys lenkeille. Toinen haaste on perheen ruoka-ajat, jolloin olisi oltava kotona.","helppoa neulaspolkua;vain pieni√§ m√§ki√§;paljon verttimetrej√§;nelivetopaikkoja;rymyp√§tki√§;kivikkoa;juurakkoa","muutama p√§iv√§ aiemmin riitt√§√§;viikkoa aiemmin"
"2018/09/23 5:13:32 PM GMT+3","40-50","mies","ultran","yli viidesti viikossa","nauttia luonnosta;kehitt√§√§ nopeuttani juoksijana;tutustua uusiin paikkoihin liikunnan keinoin;voittaa itselleni asettamat haasteet;tutustua uusiin ihmisiin ja treenikavereihin;k√§yd√§ l√§pi useita luonnon tarjoamia n√§ht√§vyyksi√§","polku- tai vuorijuoksu ulkomailla","M√§√§r√§rahojen puute;Ajanpuute","Joo","ihan sopiva kaikin puolin ja mukava","Touruvuori;Halssila;Kanavuori;Kuokkala;Tiituspohjan alue","juoksen alkul√§mp√§t;linkill√§;toisen kyydill√§;omalla autolla","","","","5-7","","7-10","7-10","1 h 30 min","peruskest√§vyys-h√∂lkk√§√§ niin ettei sykkeet nouse","helppoa neulaspolkua;paljon verttimetrej√§;nelivetopaikkoja;rymyp√§tki√§;kivikkoa;juurakkoa;suota","muutama p√§iv√§ aiemmin riitt√§√§"
"2018/09/23 5:14:50 PM GMT+3","20-30","nainen","5km lenkin","kolmesti tai nelj√§sti viikossa","nauttia luonnosta;kehitt√§√§ nopeuttani juoksijana;lis√§t√§ juoksumatkaa;voittaa itselleni asettamat haasteet;tutustua uusiin ihmisiin ja treenikavereihin;l√∂yt√§√§ mahdollisimman paljon polkuja","l√§heiset kansallispuistot;pidempi yhten√§inen p√§tk√§ vaellusreitist√∂ll√§;polkujuoksu pohjoisessa suomessa","Ajanpuute;Kaverin puute","En","","Laajis;Touruvuori;Halssila;Kanavuori;Kuokkala;Keskusta;Sippulanniemi;Keljonkangas;Myllyj√§rvi","omalla autolla","17-19","","17-19","17-19","17-19","","","1 h;1 h 30 min;2 h","peruskest√§vyys-h√∂lkk√§√§ niin ettei sykkeet nouse;sellaista rallattelua ja v√§lill√§ pieni√§ iloitteluja (h√∂yryjen p√§√§st√§mist√§)","helppoa neulaspolkua;vain pieni√§ m√§ki√§;juurakkoa;suota","muutama p√§iv√§ aiemmin riitt√§√§"
"2018/09/23 5:15:46 PM GMT+3","20-30","mies","puolimaratonin","kolmesti tai nelj√§sti viikossa","nauttia luonnosta;kehitt√§√§ nopeuttani juoksijana;lis√§t√§ juoksumatkaa;tutustua uusiin paikkoihin liikunnan keinoin;voittaa itselleni asettamat haasteet;l√∂yt√§√§ mahdollisimman paljon polkuja;k√§yd√§ l√§pi useita luonnon tarjoamia n√§ht√§vyyksi√§","pidempi yhten√§inen p√§tk√§ vaellusreitist√∂ll√§","Laiskuus","Joo","ihan sopiva kaikin puolin ja mukava","Laajis;Touruvuori;Halssila;Kanavuori;Sippulanniemi;Keljonkangas","py√∂r√§ll√§","","","","","","","","1 h;1 h 30 min;2 h","maltillinen h√∂lkk√§ hitaimman mukaan;peruskest√§vyys-h√∂lkk√§√§ niin ettei sykkeet nouse","helppoa neulaspolkua;vain pieni√§ m√§ki√§","muutama p√§iv√§ aiemmin riitt√§√§"
"2018/09/23 5:17:24 PM GMT+3","20-30","nainen","10km lenkin","yli viidesti viikossa","nauttia luonnosta;tutustua uusiin paikkoihin liikunnan keinoin","l√§heiset kansallispuistot;polkujuoksu pohjoisessa suomessa","M√§√§r√§rahojen puute;Ajanpuute;Laiskuus","En","","Laajis;Touruvuori;Halssila;Kanavuori;Kuokkala;Keskusta;Sippulanniemi;Keljonkangas;Myllyj√§rvi","","17-19","17-19","17-19","17-19","17-19","12-15;10-12;15-17;17-19","12-15;10-12;15-17;17-19","1 h","maltillinen h√∂lkk√§ hitaimman mukaan;peruskest√§vyys-h√∂lkk√§√§ niin ettei sykkeet nouse","helppoa neulaspolkua;vain pieni√§ m√§ki√§;juurakkoa","muutama p√§iv√§ aiemmin riitt√§√§"
"2018/09/23 5:18:53 PM GMT+3","30-40","nainen","10km lenkin;puolimaratonin","kolmesti tai nelj√§sti viikossa","kehitt√§√§ nopeuttani juoksijana;tutustua uusiin paikkoihin liikunnan keinoin;voittaa itselleni asettamat haasteet;tutustua uusiin ihmisiin ja treenikavereihin;l√∂yt√§√§ mahdollisimman paljon polkuja","uskaltaa juosta l√§himets√§n ulkopuolella ilman kaveria","En uskalla kulkea uusilla reiteill√§ yksin;Kaverin puute","Joo","ihan sopiva kaikin puolin ja mukava","Laajis;Touruvuori;Halssila;Kanavuori;Kuokkala;Keskusta;Sippulanniemi;Keljonkangas;Myllyj√§rvi","py√∂r√§ll√§;omalla autolla","","","","5-7","","5-7","5-7","1 h 30 min;2 h","maltillinen h√∂lkk√§ hitaimman mukaan;peruskest√§vyys-h√∂lkk√§√§ niin ettei sykkeet nouse","helppoa neulaspolkua;vain pieni√§ m√§ki√§;juurakkoa","muutama p√§iv√§ aiemmin riitt√§√§;viikkoa aiemmin"
"2018/09/23 5:20:22 PM GMT+3","30-40","nainen","10km lenkin","yli viidesti viikossa","nauttia luonnosta;kehitt√§√§ nopeuttani juoksijana;lis√§t√§ juoksumatkaa;tutustua uusiin ihmisiin ja treenikavereihin;k√§yd√§ l√§pi useita luonnon tarjoamia n√§ht√§vyyksi√§","","Laiskuus","En","","Laajis;Touruvuori;Halssila;Kanavuori;Kuokkala;Keskusta;Sippulanniemi;Keljonkangas;Myllyj√§rvi","py√∂r√§ll√§;omalla autolla","17-19;19-21","","","","12-15;10-12;15-17;17-19","","12-15;10-12;15-17;17-19","1 h 30 min;2 h","peruskest√§vyys-h√∂lkk√§√§ niin ettei sykkeet nouse;sellaista rallattelua ja v√§lill√§ pieni√§ iloitteluja (h√∂yryjen p√§√§st√§mist√§)","helppoa neulaspolkua;vain pieni√§ m√§ki√§;paljon verttimetrej√§","muutama p√§iv√§ aiemmin riitt√§√§"
"2018/09/23 5:20:32 PM GMT+3","20-30","nainen","puolimaratonin","kolmesti tai nelj√§sti viikossa","nauttia luonnosta;lis√§t√§ juoksumatkaa;tutustua uusiin paikkoihin liikunnan keinoin;tutustua uusiin ihmisiin ja treenikavereihin;l√∂yt√§√§ mahdollisimman paljon polkuja;k√§yd√§ l√§pi useita luonnon tarjoamia n√§ht√§vyyksi√§","uskaltaa juosta l√§himets√§n ulkopuolella ilman kaveria;l√§heiset kansallispuistot;pidempi yhten√§inen p√§tk√§ vaellusreitist√∂ll√§","En uskalla kulkea uusilla reiteill√§ yksin;Kaverin puute;Laiskuus","Joo","ihan sopiva kaikin puolin ja mukava;ihme rymy√§mist√§","Laajis;Touruvuori;Kuokkala;Keskusta;Sippulanniemi;Keljonkangas","py√∂r√§ll√§","","19-21","17-19;19-21","17-19;19-21","17-19;19-21","17-19","7-10;12-15;10-12;15-17;17-19","1 h 30 min","maltillinen h√∂lkk√§ hitaimman mukaan;peruskest√§vyys-h√∂lkk√§√§ niin ettei sykkeet nouse","helppoa neulaspolkua;juurakkoa;suota","muutama p√§iv√§ aiemmin riitt√§√§"
"2018/09/23 5:20:38 PM GMT+3","30-40","nainen","10km lenkin","kolmesti tai nelj√§sti viikossa","nauttia luonnosta;tutustua uusiin paikkoihin liikunnan keinoin;voittaa itselleni asettamat haasteet;tutustua uusiin ihmisiin ja treenikavereihin;l√∂yt√§√§ mahdollisimman paljon polkuja;k√§yd√§ l√§pi useita luonnon tarjoamia n√§ht√§vyyksi√§","l√§heiset kansallispuistot;pidempi yhten√§inen p√§tk√§ vaellusreitist√∂ll√§;kisaaminen","Kaverin puute;Laiskuus","Joo","ihme rymy√§mist√§;Silti mahtavaa","Laajis;Touruvuori;Halssila;Sippulanniemi","py√∂r√§ll√§;omalla autolla","","","17-19","17-19","","7-10","","1 h;1 h 30 min","sellaista rallattelua ja v√§lill√§ pieni√§ iloitteluja (h√∂yryjen p√§√§st√§mist√§)","helppoa neulaspolkua;paljon verttimetrej√§","muutama p√§iv√§ aiemmin riitt√§√§"
"2018/09/23 5:25:50 PM GMT+3","20-30","mies","puolimaratonin","kolmesti tai nelj√§sti viikossa","nauttia luonnosta;kehitt√§√§ nopeuttani juoksijana;lis√§t√§ juoksumatkaa;tutustua uusiin paikkoihin liikunnan keinoin;voittaa itselleni asettamat haasteet;l√∂yt√§√§ mahdollisimman paljon polkuja;k√§yd√§ l√§pi useita luonnon tarjoamia n√§ht√§vyyksi√§","uskaltaa juosta l√§himets√§n ulkopuolella ilman kaveria;l√§heiset kansallispuistot","Ajanpuute;Kaverin puute;Laiskuus","En","","Laajis;Touruvuori","omalla autolla","19-21","17-19;19-21","19-21","17-19;19-21","15-17;17-19;19-21","12-15","12-15","1 h","maltillinen h√∂lkk√§ hitaimman mukaan;peruskest√§vyys-h√∂lkk√§√§ niin ettei sykkeet nouse;sellaista rallattelua ja v√§lill√§ pieni√§ iloitteluja (h√∂yryjen p√§√§st√§mist√§)","helppoa neulaspolkua;vain pieni√§ m√§ki√§;rymyp√§tki√§","viikkoa aiemmin"
"2018/09/23 5:27:22 PM GMT+3","20-30","mies","1km lenkin;5km lenkin","yli viidesti viikossa","nauttia luonnosta;kehitt√§√§ nopeuttani juoksijana;lis√§t√§ juoksumatkaa;tutustua uusiin paikkoihin liikunnan keinoin;l√∂yt√§√§ mahdollisimman paljon polkuja","uskaltaa juosta l√§himets√§n ulkopuolella ilman kaveria","En uskalla kulkea uusilla reiteill√§ yksin;Laiskuus","Joo","ihan sopiva kaikin puolin ja mukava","Laajis;Touruvuori;Kuokkala;Keskusta","py√∂r√§ll√§","15-17","15-17","15-17","15-17","15-17","12-15;10-12;15-17;17-19","12-15;10-12;15-17;17-19","1 h 30 min;2 h;2 h 30 min","peruskest√§vyys-h√∂lkk√§√§ niin ettei sykkeet nouse;sellaista rallattelua ja v√§lill√§ pieni√§ iloitteluja (h√∂yryjen p√§√§st√§mist√§);pitk√§√§ raastoa","paljon verttimetrej√§;nelivetopaikkoja;rymyp√§tki√§","muutama p√§iv√§ aiemmin riitt√§√§;viikkoa aiemmin"
"2018/09/23 5:29:35 PM GMT+3","30-40","mies","ultran","yli viidesti viikossa","nauttia luonnosta;kehitt√§√§ nopeuttani juoksijana;lis√§t√§ juoksumatkaa;tutustua uusiin paikkoihin liikunnan keinoin;voittaa itselleni asettamat haasteet","pidempi yhten√§inen p√§tk√§ vaellusreitist√∂ll√§;polku- tai vuorijuoksu ulkomailla;UTMB skaba","Ajanpuute","Joo","ihan sopiva kaikin puolin ja mukava;keng√§t kastui","Touruvuori;Halssila;Kanavuori","juoksen alkul√§mp√§t;omalla autolla","","","17-19","","","7-10","7-10","1 h 30 min;2 h;2 h 30 min","sellaista rallattelua ja v√§lill√§ pieni√§ iloitteluja (h√∂yryjen p√§√§st√§mist√§)","helppoa neulaspolkua;rymyp√§tki√§;kivikkoa;juurakkoa","muutama p√§iv√§ aiemmin riitt√§√§;viikkoa aiemmin"
"2018/09/23 5:30:28 PM GMT+3","20-30","nainen","10km lenkin","kolmesti tai nelj√§sti viikossa","nauttia luonnosta;lis√§t√§ juoksumatkaa;tutustua uusiin paikkoihin liikunnan keinoin;tutustua uusiin ihmisiin ja treenikavereihin;l√∂yt√§√§ mahdollisimman paljon polkuja","uskaltaa juosta l√§himets√§n ulkopuolella ilman kaveria;polkujuoksu pohjoisessa suomessa","Kaverin puute;Laiskuus","En","","Laajis;Touruvuori;Halssila;Kuokkala;Keskusta;Sippulanniemi;Keljonkangas;Myllyj√§rvi;Asun keskustassa, kimppakyydill√§ kaikki k√§y. ","py√∂r√§ll√§","17-19;19-21","17-19;19-21","17-19;19-21","17-19;19-21","17-19;19-21","17-19;19-21","7-10;12-15;10-12;15-17;17-19;19-21","1 h","maltillinen h√∂lkk√§ hitaimman mukaan;peruskest√§vyys-h√∂lkk√§√§ niin ettei sykkeet nouse;sellaista rallattelua ja v√§lill√§ pieni√§ iloitteluja (h√∂yryjen p√§√§st√§mist√§)","helppoa neulaspolkua;vain pieni√§ m√§ki√§","muutama p√§iv√§ aiemmin riitt√§√§"
"2018/09/23 5:31:07 PM GMT+3","20-30","mies","puolimaratonin","yli viidesti viikossa","nauttia luonnosta;kehitt√§√§ nopeuttani juoksijana;tutustua uusiin paikkoihin liikunnan keinoin;voittaa itselleni asettamat haasteet;p√§√§st√§ podiumille;tutustua uusiin ihmisiin ja treenikavereihin;l√∂yt√§√§ mahdollisimman paljon polkuja;k√§yd√§ l√§pi useita luonnon tarjoamia n√§ht√§vyyksi√§","kisaaminen","","Joo","ihan sopiva kaikin puolin ja mukava","Laajis;Touruvuori;Halssila;Kanavuori;Kuokkala;Keskusta;Sippulanniemi;Keljonkangas;Myllyj√§rvi","py√∂r√§ll√§","15-17;17-19","15-17;17-19","15-17;17-19","15-17;17-19","15-17;17-19","7-10;12-15;10-12","7-10;12-15;10-12","1 h;1 h 30 min;2 h;2 h 30 min","peruskest√§vyys-h√∂lkk√§√§ niin ettei sykkeet nouse;sellaista rallattelua ja v√§lill√§ pieni√§ iloitteluja (h√∂yryjen p√§√§st√§mist√§);pitk√§√§ raastoa;oksennukseen asti","helppoa neulaspolkua;paljon verttimetrej√§;nelivetopaikkoja;rymyp√§tki√§;kivikkoa;juurakkoa;suota","edellisen√§ p√§iv√§n√§;muutama p√§iv√§ aiemmin riitt√§√§;viikkoa aiemmin"
"2018/09/23 5:32:19 PM GMT+3","30-40","nainen","ultran","kolmesti tai nelj√§sti viikossa","nauttia luonnosta;kehitt√§√§ nopeuttani juoksijana;lis√§t√§ juoksumatkaa;tutustua uusiin paikkoihin liikunnan keinoin;voittaa itselleni asettamat haasteet;tutustua uusiin ihmisiin ja treenikavereihin;l√∂yt√§√§ mahdollisimman paljon polkuja;k√§yd√§ l√§pi useita luonnon tarjoamia n√§ht√§vyyksi√§","l√§heiset kansallispuistot;pidempi yhten√§inen p√§tk√§ vaellusreitist√∂ll√§;kisaaminen;polkujuoksu pohjoisessa suomessa;polku- tai vuorijuoksu ulkomailla","M√§√§r√§rahojen puute;Ajanpuute;Laiskuus","Joo","ihan sopiva kaikin puolin ja mukava","Halssila;Kanavuori","py√∂r√§ll√§;omalla autolla","","","","","","7-10","7-10","1 h 30 min;2 h","peruskest√§vyys-h√∂lkk√§√§ niin ettei sykkeet nouse;sellaista rallattelua ja v√§lill√§ pieni√§ iloitteluja (h√∂yryjen p√§√§st√§mist√§)","helppoa neulaspolkua","edellisen√§ p√§iv√§n√§;muutama p√§iv√§ aiemmin riitt√§√§"
"2018/09/23 5:32:40 PM GMT+3","50-60","mies","puolimaratonin","kolmesti tai nelj√§sti viikossa","lis√§t√§ juoksumatkaa","polkujuoksu pohjoisessa suomessa;polku- tai vuorijuoksu ulkomailla","","En","EOS kun en VIEL√Ñ k√§ynyt","Halssila;Kanavuori","toisen kyydill√§;omalla autolla","15-17;17-19","","15-17;17-19","","","7-10;10-12","7-10;12-15","1 h 30 min;2 h;2 h 30 min","peruskest√§vyys-h√∂lkk√§√§ niin ettei sykkeet nouse","helppoa neulaspolkua;vain pieni√§ m√§ki√§;paljon verttimetrej√§","muutama p√§iv√§ aiemmin riitt√§√§;viikkoa aiemmin"
"2018/09/23 5:37:59 PM GMT+3","30-40","mies","10km lenkin;puolimaratonin","yleens√§ kahdesti viikossa","nauttia luonnosta;lis√§t√§ juoksumatkaa;tutustua uusiin paikkoihin liikunnan keinoin;tutustua uusiin ihmisiin ja treenikavereihin;l√∂yt√§√§ mahdollisimman paljon polkuja;k√§yd√§ l√§pi useita luonnon tarjoamia n√§ht√§vyyksi√§","l√§heiset kansallispuistot;pidempi yhten√§inen p√§tk√§ vaellusreitist√∂ll√§;polkujuoksu pohjoisessa suomessa;polku- tai vuorijuoksu ulkomailla;UTMB skaba","M√§√§r√§rahojen puute;Ajanpuute;Kulkuyhteydet","En","","Laajis;Touruvuori;Halssila;Kuokkala;Keskusta;Sippulanniemi","","","","","","","","","30 min;45 min;1 h;1 h 30 min;2 h;2 h 30 min","peruskest√§vyys-h√∂lkk√§√§ niin ettei sykkeet nouse;sellaista rallattelua ja v√§lill√§ pieni√§ iloitteluja (h√∂yryjen p√§√§st√§mist√§);pitk√§√§ raastoa","helppoa neulaspolkua;vain pieni√§ m√§ki√§;paljon verttimetrej√§;nelivetopaikkoja;rymyp√§tki√§;kivikkoa;juurakkoa;suota","muutama p√§iv√§ aiemmin riitt√§√§;viikkoa aiemmin"
"2018/09/23 5:39:27 PM GMT+3","30-40","nainen","puolimaratonin;maratonin","yli viidesti viikossa","nauttia luonnosta;kehitt√§√§ nopeuttani juoksijana;tutustua uusiin paikkoihin liikunnan keinoin;tutustua uusiin ihmisiin ja treenikavereihin","uskaltaa juosta l√§himets√§n ulkopuolella ilman kaveria;kisaaminen","En uskalla kulkea uusilla reiteill√§ yksin","Joo","ihan sopiva kaikin puolin ja mukava","Laajis","juoksen alkul√§mp√§t","","","","","","7-10;12-15","7-10;12-15","1 h 30 min;2 h","peruskest√§vyys-h√∂lkk√§√§ niin ettei sykkeet nouse","vain pieni√§ m√§ki√§","muutama p√§iv√§ aiemmin riitt√§√§"
"2018/09/23 5:39:29 PM GMT+3","20-30","nainen","10km lenkin","kolmesti tai nelj√§sti viikossa","nauttia luonnosta;lis√§t√§ juoksumatkaa;tutustua uusiin paikkoihin liikunnan keinoin;tutustua uusiin ihmisiin ja treenikavereihin;l√∂yt√§√§ mahdollisimman paljon polkuja;k√§yd√§ l√§pi useita luonnon tarjoamia n√§ht√§vyyksi√§","polkujuoksu pohjoisessa suomessa","Kaverin puute;Laiskuus","Joo","minun tasolleni liian nopeaa","Laajis;Halssila;Keskusta","py√∂r√§ll√§","","17-19","17-19","17-19","","","","1 h","maltillinen h√∂lkk√§ hitaimman mukaan;peruskest√§vyys-h√∂lkk√§√§ niin ettei sykkeet nouse","helppoa neulaspolkua;nelivetopaikkoja;rymyp√§tki√§;kivikkoa;juurakkoa;suota","muutama p√§iv√§ aiemmin riitt√§√§"
"2018/09/23 5:44:01 PM GMT+3","30-40","mies","ultran","yli viidesti viikossa","nauttia luonnosta;kehitt√§√§ nopeuttani juoksijana;lis√§t√§ juoksumatkaa;tutustua uusiin paikkoihin liikunnan keinoin;voittaa itselleni asettamat haasteet;p√§√§st√§ podiumille;tutustua uusiin ihmisiin ja treenikavereihin;l√∂yt√§√§ mahdollisimman paljon polkuja;k√§yd√§ l√§pi useita luonnon tarjoamia n√§ht√§vyyksi√§","l√§heiset kansallispuistot;pidempi yhten√§inen p√§tk√§ vaellusreitist√∂ll√§;kisaaminen;polkujuoksu pohjoisessa suomessa;polku- tai vuorijuoksu ulkomailla;UTMB skaba","Ajanpuute;Laiskuus","Joo","ihan sopiva kaikin puolin ja mukava;keng√§t kastui","Laajis;Touruvuori;Halssila;Kanavuori;Kuokkala;Keskusta;Sippulanniemi;Keljonkangas;Myllyj√§rvi","juoksen alkul√§mp√§t;toisen kyydill√§;omalla autolla","","17-19;19-21","","17-19;19-21","","7-10","7-10","1 h 30 min","peruskest√§vyys-h√∂lkk√§√§ niin ettei sykkeet nouse","helppoa neulaspolkua;paljon verttimetrej√§;rymyp√§tki√§;kivikkoa;juurakkoa","viikkoa aiemmin"
"2018/09/23 5:44:33 PM GMT+3","40-50","mies","ultran","kolmesti tai nelj√§sti viikossa","nauttia luonnosta;tutustua uusiin paikkoihin liikunnan keinoin;tutustua uusiin ihmisiin ja treenikavereihin;l√∂yt√§√§ mahdollisimman paljon polkuja;k√§yd√§ l√§pi useita luonnon tarjoamia n√§ht√§vyyksi√§","pidempi yhten√§inen p√§tk√§ vaellusreitist√∂ll√§;kisaaminen;polkujuoksu pohjoisessa suomessa;polku- tai vuorijuoksu ulkomailla","","Joo","ihan sopiva kaikin puolin ja mukava;Valitsen lenkkini oletetun vauhdin perusteella","","juoksen alkul√§mp√§t;toisen kyydill√§;omalla autolla","","","","","","","","30 min;45 min;1 h;1 h 30 min;2 h;2 h 30 min","maltillinen h√∂lkk√§ hitaimman mukaan;peruskest√§vyys-h√∂lkk√§√§ niin ettei sykkeet nouse;sellaista rallattelua ja v√§lill√§ pieni√§ iloitteluja (h√∂yryjen p√§√§st√§mist√§);Vaihtelevia treenej√§ ajallisesti ja tehoiltaan.","helppoa neulaspolkua;nelivetopaikkoja;rymyp√§tki√§;kivikkoa;juurakkoa",""
"2018/09/23 5:44:43 PM GMT+3","30-40","mies","5km lenkin;10km lenkin;maratonin;ultran","kolmesti tai nelj√§sti viikossa","nauttia luonnosta;lis√§t√§ juoksumatkaa;voittaa itselleni asettamat haasteet;tutustua uusiin ihmisiin ja treenikavereihin;l√∂yt√§√§ mahdollisimman paljon polkuja","l√§heiset kansallispuistot;pidempi yhten√§inen p√§tk√§ vaellusreitist√∂ll√§;polkujuoksu pohjoisessa suomessa;polku- tai vuorijuoksu ulkomailla","Laiskuus","Joo","ihan sopiva kaikin puolin ja mukava","Touruvuori","toisen kyydill√§;omalla autolla","17-19","17-19","17-19","17-19","17-19","10-12","10-12","1 h 30 min;2 h","maltillinen h√∂lkk√§ hitaimman mukaan;peruskest√§vyys-h√∂lkk√§√§ niin ettei sykkeet nouse","vain pieni√§ m√§ki√§;paljon verttimetrej√§;kivikkoa;juurakkoa","muutama p√§iv√§ aiemmin riitt√§√§;viikkoa aiemmin"
"2018/09/23 5:45:23 PM GMT+3","20-30","mies","ultran","yli viidesti viikossa","nauttia luonnosta;kehitt√§√§ nopeuttani juoksijana;voittaa itselleni asettamat haasteet;p√§√§st√§ podiumille","kisaaminen;polku- tai vuorijuoksu ulkomailla;UTMB skaba","M√§√§r√§rahojen puute","Joo","ihan sopiva kaikin puolin ja mukava","Laajis;Touruvuori;Halssila;Kanavuori;Kuokkala;Keskusta;Sippulanniemi;Keljonkangas;Myllyj√§rvi","juoksen alkul√§mp√§t","","","17-19","","","","","1 h 30 min","maltillinen h√∂lkk√§ hitaimman mukaan","helppoa neulaspolkua;kivikkoa;juurakkoa;suota","muutama p√§iv√§ aiemmin riitt√§√§;viikkoa aiemmin"
"2018/09/23 5:49:36 PM GMT+3","30-40","nainen","maratonin","kolmesti tai nelj√§sti viikossa","nauttia luonnosta;lis√§t√§ juoksumatkaa;tutustua uusiin ihmisiin ja treenikavereihin","polku- tai vuorijuoksu ulkomailla","","Joo","ihan sopiva kaikin puolin ja mukava","Laajis;Touruvuori;Halssila;Kanavuori;Kuokkala;Keskusta;Sippulanniemi;Keljonkangas;Myllyj√§rvi;Muurame","omalla autolla","","","","","","","","1 h 30 min;2 h","maltillinen h√∂lkk√§ hitaimman mukaan;oksennukseen asti;Vetotreenit","helppoa neulaspolkua;vain pieni√§ m√§ki√§;paljon verttimetrej√§;nelivetopaikkoja;rymyp√§tki√§;kivikkoa;juurakkoa;suota","muutama p√§iv√§ aiemmin riitt√§√§;viikkoa aiemmin"
"2018/09/23 5:55:27 PM GMT+3","30-40","nainen","maratonin","kolmesti tai nelj√§sti viikossa","voittaa itselleni asettamat haasteet;tutustua uusiin ihmisiin ja treenikavereihin","polkujuoksu pohjoisessa suomessa","En uskalla kulkea uusilla reiteill√§ yksin","Joo","ihan sopiva kaikin puolin ja mukava;ihme rymy√§mist√§","Laajis","juoksen alkul√§mp√§t","17-19","17-19","17-19","17-19","","","","1 h 30 min","sellaista rallattelua ja v√§lill√§ pieni√§ iloitteluja (h√∂yryjen p√§√§st√§mist√§)","helppoa neulaspolkua;kivikkoa;juurakkoa","muutama p√§iv√§ aiemmin riitt√§√§;viikkoa aiemmin"
"2018/09/23 6:00:52 PM GMT+3","40-50","nainen","ultran","yli viidesti viikossa","nauttia luonnosta;lis√§t√§ juoksumatkaa;tutustua uusiin paikkoihin liikunnan keinoin;tutustua uusiin ihmisiin ja treenikavereihin;k√§yd√§ l√§pi useita luonnon tarjoamia n√§ht√§vyyksi√§","uskaltaa juosta l√§himets√§n ulkopuolella ilman kaveria;pidempi yhten√§inen p√§tk√§ vaellusreitist√∂ll√§;polku- tai vuorijuoksu ulkomailla","Laiskuus","Joo","ihan sopiva kaikin puolin ja mukava;ihme rymy√§mist√§;keng√§t kastui;Edelliset ei haittaa","Touruvuori;Halssila;Kanavuori;Hein√§m√§ki","py√∂r√§ll√§;toisen kyydill√§;omalla autolla","","","","","","","","1 h 30 min;2 h;2 h 30 min","maltillinen h√∂lkk√§ hitaimman mukaan;peruskest√§vyys-h√∂lkk√§√§ niin ettei sykkeet nouse;sellaista rallattelua ja v√§lill√§ pieni√§ iloitteluja (h√∂yryjen p√§√§st√§mist√§);pitk√§√§ raastoa","helppoa neulaspolkua;paljon verttimetrej√§;nelivetopaikkoja;rymyp√§tki√§;kivikkoa;juurakkoa;suota","viikkoa aiemmin"
"2018/09/23 6:07:23 PM GMT+3","40-50","mies","ultran","yli viidesti viikossa","nauttia luonnosta;tutustua uusiin paikkoihin liikunnan keinoin;voittaa itselleni asettamat haasteet;tutustua uusiin ihmisiin ja treenikavereihin;k√§yd√§ l√§pi useita luonnon tarjoamia n√§ht√§vyyksi√§","polku- tai vuorijuoksu ulkomailla;UTMB skaba","M√§√§r√§rahojen puute","Joo","ihan sopiva kaikin puolin ja mukava","Laajis;Kanavuori;Multam√§ki, Peurunka ","omalla autolla","17-19;19-21","17-19;19-21","17-19;19-21","17-19;19-21","17-19;19-21","10-12;15-17;17-19;19-21;>21","10-12;15-17;17-19;19-21;>21","1 h 30 min;2 h;2 h 30 min","sellaista rallattelua ja v√§lill√§ pieni√§ iloitteluja (h√∂yryjen p√§√§st√§mist√§);pitk√§√§ raastoa;oksennukseen asti","paljon verttimetrej√§;nelivetopaikkoja;rymyp√§tki√§;kivikkoa;juurakkoa","kaksi viikkoa aiemmin jotta kerke√§√§ j√§rjestell√§ aikaa;kuukausi etuk√§teen"
"2018/09/23 6:11:22 PM GMT+3","30-40","nainen","puolimaratonin","kolmesti tai nelj√§sti viikossa","nauttia luonnosta;lis√§t√§ juoksumatkaa;tutustua uusiin paikkoihin liikunnan keinoin;voittaa itselleni asettamat haasteet;tutustua uusiin ihmisiin ja treenikavereihin;l√∂yt√§√§ mahdollisimman paljon polkuja;k√§yd√§ l√§pi useita luonnon tarjoamia n√§ht√§vyyksi√§","pidempi yhten√§inen p√§tk√§ vaellusreitist√∂ll√§;polkujuoksu pohjoisessa suomessa;polku- tai vuorijuoksu ulkomailla","M√§√§r√§rahojen puute;Kaverin puute","En","","Laajis;Touruvuori;Halssila;Kanavuori;Kuokkala;Myllyj√§rvi","omalla autolla;Tulisin kyll√§ autolla t√§√§lt√§ asti","","","","","","12-15","12-15","1 h 30 min;2 h;2 h 30 min","peruskest√§vyys-h√∂lkk√§√§ niin ettei sykkeet nouse;sellaista rallattelua ja v√§lill√§ pieni√§ iloitteluja (h√∂yryjen p√§√§st√§mist√§)","helppoa neulaspolkua;vain pieni√§ m√§ki√§;paljon verttimetrej√§;nelivetopaikkoja;rymyp√§tki√§;kivikkoa;juurakkoa;suota","viikkoa aiemmin"
"2018/09/23 6:21:39 PM GMT+3","20-30","nainen","maratonin","yli viidesti viikossa","nauttia luonnosta;kehitt√§√§ nopeuttani juoksijana;lis√§t√§ juoksumatkaa;tutustua uusiin paikkoihin liikunnan keinoin;voittaa itselleni asettamat haasteet;p√§√§st√§ podiumille;tutustua uusiin ihmisiin ja treenikavereihin;l√∂yt√§√§ mahdollisimman paljon polkuja","kisaaminen;polku- tai vuorijuoksu ulkomailla","","En","","Laajis;Kuokkala;Keskusta","juoksen alkul√§mp√§t;py√∂r√§ll√§","17-19;19-21","17-19;19-21","17-19;19-21","17-19;19-21","17-19;19-21","12-15;10-12;15-17;17-19;19-21","12-15;10-12;15-17;17-19;19-21","1 h;1 h 30 min;2 h","peruskest√§vyys-h√∂lkk√§√§ niin ettei sykkeet nouse;sellaista rallattelua ja v√§lill√§ pieni√§ iloitteluja (h√∂yryjen p√§√§st√§mist√§);pitk√§√§ raastoa;oksennukseen asti","helppoa neulaspolkua;paljon verttimetrej√§;rymyp√§tki√§","muutama p√§iv√§ aiemmin riitt√§√§"
"2018/09/23 6:23:30 PM GMT+3","30-40","mies","maratonin","kolmesti tai nelj√§sti viikossa","nauttia luonnosta;kehitt√§√§ nopeuttani juoksijana;lis√§t√§ juoksumatkaa;tutustua uusiin paikkoihin liikunnan keinoin;voittaa itselleni asettamat haasteet;tutustua uusiin ihmisiin ja treenikavereihin;l√∂yt√§√§ mahdollisimman paljon polkuja;k√§yd√§ l√§pi useita luonnon tarjoamia n√§ht√§vyyksi√§","uskaltaa juosta l√§himets√§n ulkopuolella ilman kaveria;l√§heiset kansallispuistot;pidempi yhten√§inen p√§tk√§ vaellusreitist√∂ll√§;polkujuoksu pohjoisessa suomessa;polku- tai vuorijuoksu ulkomailla","Ajanpuute;Laiskuus","En","","Laajis;Touruvuori;Halssila;Kanavuori;Kuokkala;Keskusta;Sippulanniemi;Keljonkangas;Myllyj√§rvi","omalla autolla","","17-19;19-21","","19-21","15-17;17-19;19-21","7-10;12-15;10-12;15-17;17-19;19-21","7-10;12-15;10-12;15-17;17-19;19-21","1 h 30 min","sellaista rallattelua ja v√§lill√§ pieni√§ iloitteluja (h√∂yryjen p√§√§st√§mist√§)","helppoa neulaspolkua;vain pieni√§ m√§ki√§;paljon verttimetrej√§;nelivetopaikkoja;rymyp√§tki√§;kivikkoa;juurakkoa","viikkoa aiemmin;kaksi viikkoa aiemmin jotta kerke√§√§ j√§rjestell√§ aikaa"
"2018/09/23 6:25:11 PM GMT+3","30-40","nainen","puolimaratonin","kolmesti tai nelj√§sti viikossa","nauttia luonnosta;kehitt√§√§ nopeuttani juoksijana;lis√§t√§ juoksumatkaa","l√§heiset kansallispuistot;pidempi yhten√§inen p√§tk√§ vaellusreitist√∂ll√§","Ajanpuute","Joo","ihan sopiva kaikin puolin ja mukava;minun tasolleni liian nopeaa","Laajis;Halssila;Kuokkala;Keskusta;Sippulanniemi;Keljonkangas;Myllyj√§rvi;S√§ykki, Muurame","omalla autolla","","","17-19;19-21","17-19;19-21","17-19;19-21","12-15;10-12;15-17;17-19","12-15;10-12;15-17;17-19","1 h;1 h 30 min;2 h","maltillinen h√∂lkk√§ hitaimman mukaan","helppoa neulaspolkua;vain pieni√§ m√§ki√§","muutama p√§iv√§ aiemmin riitt√§√§"
"2018/09/23 6:35:18 PM GMT+3","30-40","nainen","5km lenkin","kolmesti tai nelj√§sti viikossa","nauttia luonnosta;lis√§t√§ juoksumatkaa;tutustua uusiin paikkoihin liikunnan keinoin;voittaa itselleni asettamat haasteet;tutustua uusiin ihmisiin ja treenikavereihin;l√∂yt√§√§ mahdollisimman paljon polkuja","l√§heiset kansallispuistot;polkujuoksu pohjoisessa suomessa;polku- tai vuorijuoksu ulkomailla","M√§√§r√§rahojen puute;Kaverin puute;Kulkuyhteydet","En","","Kuokkala;Sippulanniemi;Maltillisen py√∂r√§ilymatkan p√§√§ss√§ olevat reitit, ja sill√§ ajatuksella, ettei py√∂r√§ily vie mehuja itse juoksemiselta. (Autoton, ajokortiton).","py√∂r√§ll√§","15-17;17-19","15-17;17-19","15-17;17-19","15-17;17-19","15-17;17-19;19-21","15-17;17-19;19-21","","45 min;1 h","maltillinen h√∂lkk√§ hitaimman mukaan;peruskest√§vyys-h√∂lkk√§√§ niin ettei sykkeet nouse","helppoa neulaspolkua;vain pieni√§ m√§ki√§","muutama p√§iv√§ aiemmin riitt√§√§;viikkoa aiemmin"
"2018/09/23 6:38:10 PM GMT+3","30-40","nainen","10km lenkin","kolmesti tai nelj√§sti viikossa","nauttia luonnosta;kehitt√§√§ nopeuttani juoksijana;lis√§t√§ juoksumatkaa;tutustua uusiin paikkoihin liikunnan keinoin;tutustua uusiin ihmisiin ja treenikavereihin","uskaltaa juosta l√§himets√§n ulkopuolella ilman kaveria","Ajanpuute","Joo","ihan sopiva kaikin puolin ja mukava","Laajis;Touruvuori;Halssila;Kanavuori;Kuokkala;Keskusta","py√∂r√§ll√§;omalla autolla","","17-19","17-19","17-19","","","15-17;17-19","45 min;1 h;1 h 30 min","maltillinen h√∂lkk√§ hitaimman mukaan;peruskest√§vyys-h√∂lkk√§√§ niin ettei sykkeet nouse;sellaista rallattelua ja v√§lill√§ pieni√§ iloitteluja (h√∂yryjen p√§√§st√§mist√§)","","muutama p√§iv√§ aiemmin riitt√§√§"
"2018/09/23 6:38:52 PM GMT+3","20-30","nainen","5km lenkin","kolmesti tai nelj√§sti viikossa","nauttia luonnosta;lis√§t√§ juoksumatkaa;l√∂yt√§√§ mahdollisimman paljon polkuja;k√§yd√§ l√§pi useita luonnon tarjoamia n√§ht√§vyyksi√§","l√§heiset kansallispuistot;pidempi yhten√§inen p√§tk√§ vaellusreitist√∂ll√§;polkujuoksu pohjoisessa suomessa","Kaverin puute;Laiskuus","En","","Keljonkangas;Muurame","omalla autolla","17-19","17-19","17-19","17-19","17-19","10-12","10-12","1 h;1 h 30 min","reipas k√§vely t√§ll√§ kunnolla saa jo huohottamaan;maltillinen h√∂lkk√§ hitaimman mukaan;peruskest√§vyys-h√∂lkk√§√§ niin ettei sykkeet nouse","helppoa neulaspolkua;vain pieni√§ m√§ki√§","viikkoa aiemmin;kaksi viikkoa aiemmin jotta kerke√§√§ j√§rjestell√§ aikaa"
"2018/09/23 6:41:38 PM GMT+3","40-50","mies","5km lenkin;10km lenkin;puolimaratonin;maratonin;ultran","yli viidesti viikossa","nauttia luonnosta;kehitt√§√§ nopeuttani juoksijana;lis√§t√§ juoksumatkaa;voittaa itselleni asettamat haasteet;tutustua uusiin ihmisiin ja treenikavereihin","polku- tai vuorijuoksu ulkomailla;UTMB skaba","M√§√§r√§rahojen puute","Joo","ihan sopiva kaikin puolin ja mukava","Laajis;Touruvuori;Halssila;Kanavuori;Kuokkala;Keskusta;Sippulanniemi;Keljonkangas;Myllyj√§rvi","juoksen alkul√§mp√§t;py√∂r√§ll√§;toisen kyydill√§;omalla autolla","","17-19;19-21","17-19;19-21","17-19;19-21","","5-7;7-10","5-7;7-10","1 h 30 min;2 h;2 h 30 min","maltillinen h√∂lkk√§ hitaimman mukaan;peruskest√§vyys-h√∂lkk√§√§ niin ettei sykkeet nouse;sellaista rallattelua ja v√§lill√§ pieni√§ iloitteluja (h√∂yryjen p√§√§st√§mist√§)","helppoa neulaspolkua;rymyp√§tki√§;kivikkoa;juurakkoa","muutama p√§iv√§ aiemmin riitt√§√§;viikkoa aiemmin"
"2018/09/23 6:45:49 PM GMT+3","30-40","mies","5km lenkin;10km lenkin;puolimaratonin;maratonin;ultran","kolmesti tai nelj√§sti viikossa","nauttia luonnosta;kehitt√§√§ nopeuttani juoksijana;lis√§t√§ juoksumatkaa;tutustua uusiin paikkoihin liikunnan keinoin;voittaa itselleni asettamat haasteet;tutustua uusiin ihmisiin ja treenikavereihin;l√∂yt√§√§ mahdollisimman paljon polkuja;k√§yd√§ l√§pi useita luonnon tarjoamia n√§ht√§vyyksi√§","pidempi yhten√§inen p√§tk√§ vaellusreitist√∂ll√§;polkujuoksu pohjoisessa suomessa;polku- tai vuorijuoksu ulkomailla","M√§√§r√§rahojen puute;Ajanpuute;Kulkuyhteydet","Joo","ihan sopiva kaikin puolin ja mukava","Halssila;Kuokkala;Keskusta;Sippulanniemi;Keljonkangas;Myllyj√§rvi","juoksen alkul√§mp√§t;toisen kyydill√§;omalla autolla","17-19;19-21","17-19;19-21","17-19;19-21","17-19;19-21","17-19;19-21","5-7;7-10;12-15;10-12","5-7;7-10;12-15;10-12","1 h;1 h 30 min;2 h","maltillinen h√∂lkk√§ hitaimman mukaan;peruskest√§vyys-h√∂lkk√§√§ niin ettei sykkeet nouse;sellaista rallattelua ja v√§lill√§ pieni√§ iloitteluja (h√∂yryjen p√§√§st√§mist√§)","paljon verttimetrej√§;rymyp√§tki√§;kivikkoa;juurakkoa","edellisen√§ p√§iv√§n√§;muutama p√§iv√§ aiemmin riitt√§√§;viikkoa aiemmin"
"2018/09/23 6:49:11 PM GMT+3","30-40","nainen","10km lenkin","kolmesti tai nelj√§sti viikossa","nauttia luonnosta;kehitt√§√§ nopeuttani juoksijana;lis√§t√§ juoksumatkaa;voittaa itselleni asettamat haasteet;tutustua uusiin ihmisiin ja treenikavereihin;l√∂yt√§√§ mahdollisimman paljon polkuja","polkujuoksu pohjoisessa suomessa;polku- tai vuorijuoksu ulkomailla","En uskalla kulkea uusilla reiteill√§ yksin;Kaverin puute","En","","Laajis;Touruvuori","juoksen alkul√§mp√§t","","","","","","12-15","12-15","1 h 30 min","peruskest√§vyys-h√∂lkk√§√§ niin ettei sykkeet nouse;sellaista rallattelua ja v√§lill√§ pieni√§ iloitteluja (h√∂yryjen p√§√§st√§mist√§)","","muutama p√§iv√§ aiemmin riitt√§√§"
"2018/09/23 6:50:37 PM GMT+3","30-40","nainen","1km lenkin;5km lenkin;10km lenkin","yleens√§ kahdesti viikossa","nauttia luonnosta;lis√§t√§ juoksumatkaa;tutustua uusiin paikkoihin liikunnan keinoin;tutustua uusiin ihmisiin ja treenikavereihin;l√∂yt√§√§ mahdollisimman paljon polkuja;k√§yd√§ l√§pi useita luonnon tarjoamia n√§ht√§vyyksi√§","l√§heiset kansallispuistot;pidempi yhten√§inen p√§tk√§ vaellusreitist√∂ll√§;polkujuoksu pohjoisessa suomessa","Ajanpuute;Laiskuus","Joo","ihan sopiva kaikin puolin ja mukava","Laajis;Kuokkala;Keskusta;Sippulanniemi;Keljonkangas","omalla autolla","","","17-19","17-19","17-19","12-15;15-17","12-15;15-17","1 h;1 h 30 min","maltillinen h√∂lkk√§ hitaimman mukaan;peruskest√§vyys-h√∂lkk√§√§ niin ettei sykkeet nouse","helppoa neulaspolkua;vain pieni√§ m√§ki√§;rymyp√§tki√§;juurakkoa","muutama p√§iv√§ aiemmin riitt√§√§"
"2018/09/23 6:55:29 PM GMT+3","40-50","mies","puolimaratonin","kolmesti tai nelj√§sti viikossa","kehitt√§√§ nopeuttani juoksijana;lis√§t√§ juoksumatkaa;tutustua uusiin paikkoihin liikunnan keinoin;voittaa itselleni asettamat haasteet;p√§√§st√§ podiumille;tutustua uusiin ihmisiin ja treenikavereihin","kisaaminen;polkujuoksu pohjoisessa suomessa;polku- tai vuorijuoksu ulkomailla;UTMB skaba","Ajanpuute;Kaverin puute","Joo","ihan sopiva kaikin puolin ja mukava","Laajis;Touruvuori;Halssila;Kuokkala;Keskusta;Myllyj√§rvi","juoksen alkul√§mp√§t;omalla autolla","19-21;>21","19-21;>21","19-21;>21","19-21;>21","19-21;>21","19-21;>21","19-21;>21","2 h;2 h 30 min","sellaista rallattelua ja v√§lill√§ pieni√§ iloitteluja (h√∂yryjen p√§√§st√§mist√§);pitk√§√§ raastoa","paljon verttimetrej√§;nelivetopaikkoja","edellisen√§ p√§iv√§n√§;muutama p√§iv√§ aiemmin riitt√§√§"
"2018/09/23 7:07:04 PM GMT+3",">60","nainen","5km lenkin;10km lenkin;puolimaratonin;maratonin;ultran","yli viidesti viikossa","nauttia luonnosta;kehitt√§√§ nopeuttani juoksijana;lis√§t√§ juoksumatkaa;tutustua uusiin paikkoihin liikunnan keinoin;voittaa itselleni asettamat haasteet;tutustua uusiin ihmisiin ja treenikavereihin;l√∂yt√§√§ mahdollisimman paljon polkuja;k√§yd√§ l√§pi useita luonnon tarjoamia n√§ht√§vyyksi√§","l√§heiset kansallispuistot;pidempi yhten√§inen p√§tk√§ vaellusreitist√∂ll√§;polkujuoksu pohjoisessa suomessa;polku- tai vuorijuoksu ulkomailla","M√§√§r√§rahojen puute;Ajanpuute;Kulkuyhteydet","Joo","ihan sopiva kaikin puolin ja mukava","Ei ole v√§lia. Kaikki k√§y.","omalla autolla","","","17-19","","17-19","12-15","","1 h 30 min;2 h","maltillinen h√∂lkk√§ hitaimman mukaan;peruskest√§vyys-h√∂lkk√§√§ niin ettei sykkeet nouse;sellaista rallattelua ja v√§lill√§ pieni√§ iloitteluja (h√∂yryjen p√§√§st√§mist√§)","paljon verttimetrej√§;nelivetopaikkoja;rymyp√§tki√§","muutama p√§iv√§ aiemmin riitt√§√§"
"2018/09/23 7:12:48 PM GMT+3","30-40","mies","10km lenkin","noin kerran viikossa","nauttia luonnosta;lis√§t√§ juoksumatkaa;voittaa itselleni asettamat haasteet;tutustua uusiin ihmisiin ja treenikavereihin;k√§yd√§ l√§pi useita luonnon tarjoamia n√§ht√§vyyksi√§","l√§heiset kansallispuistot;polkujuoksu pohjoisessa suomessa","Ajanpuute;Laiskuus","Joo","ihan sopiva kaikin puolin ja mukava","Laajis;Touruvuori;Halssila;Kanavuori;Kuokkala;Muurame!","omalla autolla","17-19;19-21","17-19;19-21","17-19;19-21","17-19;19-21","17-19;19-21","10-12;15-17;17-19;19-21","15-17;17-19;19-21","1 h 30 min","maltillinen h√∂lkk√§ hitaimman mukaan","nelivetopaikkoja;rymyp√§tki√§;kivikkoa;juurakkoa","muutama p√§iv√§ aiemmin riitt√§√§;viikkoa aiemmin"
"2018/09/23 7:14:39 PM GMT+3","40-50","mies","10km lenkin","yleens√§ kahdesti viikossa","lis√§t√§ juoksumatkaa;voittaa itselleni asettamat haasteet;tutustua uusiin ihmisiin ja treenikavereihin","l√§heiset kansallispuistot;pidempi yhten√§inen p√§tk√§ vaellusreitist√∂ll√§;polku- tai vuorijuoksu ulkomailla","Ajanpuute;Laiskuus","Joo","ihan sopiva kaikin puolin ja mukava","Laajis;Kuokkala;Sippulanniemi;Myllyj√§rvi","omalla autolla","5-7;17-19;19-21","5-7","5-7","5-7","5-7;17-19;19-21","7-10;12-15;10-12;15-17;17-19;19-21","7-10;12-15;10-12;15-17;17-19;19-21","2 h","maltillinen h√∂lkk√§ hitaimman mukaan;peruskest√§vyys-h√∂lkk√§√§ niin ettei sykkeet nouse;sellaista rallattelua ja v√§lill√§ pieni√§ iloitteluja (h√∂yryjen p√§√§st√§mist√§)","paljon verttimetrej√§;nelivetopaikkoja;rymyp√§tki√§;kivikkoa;juurakkoa;suota","edellisen√§ p√§iv√§n√§"
"2018/09/23 7:23:37 PM GMT+3","40-50","nainen","puolimaratonin;maratonin","kolmesti tai nelj√§sti viikossa","nauttia luonnosta;lis√§t√§ juoksumatkaa;tutustua uusiin paikkoihin liikunnan keinoin;tutustua uusiin ihmisiin ja treenikavereihin;l√∂yt√§√§ mahdollisimman paljon polkuja;k√§yd√§ l√§pi useita luonnon tarjoamia n√§ht√§vyyksi√§","polkujuoksu pohjoisessa suomessa;polku- tai vuorijuoksu ulkomailla","Ajanpuute;Kaverin puute","Joo","ihan sopiva kaikin puolin ja mukava","Laajis;Touruvuori;Halssila","omalla autolla","17-19;19-21","17-19;19-21","17-19;19-21","17-19;19-21","17-19;19-21","12-15;10-12;15-17","12-15;10-12;15-17","1 h;1 h 30 min","maltillinen h√∂lkk√§ hitaimman mukaan;peruskest√§vyys-h√∂lkk√§√§ niin ettei sykkeet nouse;sellaista rallattelua ja v√§lill√§ pieni√§ iloitteluja (h√∂yryjen p√§√§st√§mist√§)","rymyp√§tki√§;kivikkoa;juurakkoa","muutama p√§iv√§ aiemmin riitt√§√§"
"2018/09/23 7:34:38 PM GMT+3","30-40","nainen","10km lenkin","yleens√§ kahdesti viikossa","nauttia luonnosta;kehitt√§√§ nopeuttani juoksijana","kisaaminen","Laiskuus","En","","Laajis;Touruvuori","py√∂r√§ll√§;omalla autolla","17-19","","","17-19","","","","45 min","maltillinen h√∂lkk√§ hitaimman mukaan;peruskest√§vyys-h√∂lkk√§√§ niin ettei sykkeet nouse","helppoa neulaspolkua;vain pieni√§ m√§ki√§;paljon verttimetrej√§;juurakkoa","muutama p√§iv√§ aiemmin riitt√§√§;viikkoa aiemmin"
"2018/09/23 7:46:25 PM GMT+3","30-40","nainen","maratonin","yli viidesti viikossa","kehitt√§√§ nopeuttani juoksijana;tutustua uusiin paikkoihin liikunnan keinoin;voittaa itselleni asettamat haasteet;p√§√§st√§ podiumille;tutustua uusiin ihmisiin ja treenikavereihin","kisaaminen","Ajanpuute","","","","","","","","","","","","","","",""
"2018/09/23 7:50:20 PM GMT+3","30-40","mies","10km lenkin","yleens√§ kahdesti viikossa","lis√§t√§ juoksumatkaa;tutustua uusiin paikkoihin liikunnan keinoin;tutustua uusiin ihmisiin ja treenikavereihin;l√∂yt√§√§ mahdollisimman paljon polkuja","pidempi yhten√§inen p√§tk√§ vaellusreitist√∂ll√§;kisaaminen","Ajanpuute","Joo","ihan sopiva kaikin puolin ja mukava","Laajis;Kuokkala;Keskusta;Sippulanniemi;Keljonkangas;Myllyj√§rvi;Ladunmaja, Mustalampi","omalla autolla","","","19-21","19-21","","","","1 h 30 min","maltillinen h√∂lkk√§ hitaimman mukaan;peruskest√§vyys-h√∂lkk√§√§ niin ettei sykkeet nouse;sellaista rallattelua ja v√§lill√§ pieni√§ iloitteluja (h√∂yryjen p√§√§st√§mist√§)","helppoa neulaspolkua;nelivetopaikkoja;juurakkoa;suota","muutama p√§iv√§ aiemmin riitt√§√§"
"2018/09/23 7:53:33 PM GMT+3","40-50","nainen","maratonin","yli viidesti viikossa","nauttia luonnosta;kehitt√§√§ nopeuttani juoksijana;lis√§t√§ juoksumatkaa;tutustua uusiin paikkoihin liikunnan keinoin;l√∂yt√§√§ mahdollisimman paljon polkuja;k√§yd√§ l√§pi useita luonnon tarjoamia n√§ht√§vyyksi√§","pidempi yhten√§inen p√§tk√§ vaellusreitist√∂ll√§;polkujuoksu pohjoisessa suomessa","Ajanpuute;Laiskuus","Joo","ihan sopiva kaikin puolin ja mukava;minun tasolleni liian nopeaa","Laajis;Touruvuori;Halssila;Kanavuori;Kuokkala;Keskusta;Sippulanniemi;Keljonkangas","omalla autolla","17-19;19-21;>21","17-19;19-21;>21","17-19;19-21;>21","17-19;19-21;>21","17-19;19-21;>21","12-15;10-12","12-15;10-12","1 h;1 h 30 min;2 h;2 h 30 min","reipas k√§vely t√§ll√§ kunnolla saa jo huohottamaan;maltillinen h√∂lkk√§ hitaimman mukaan;peruskest√§vyys-h√∂lkk√§√§ niin ettei sykkeet nouse","helppoa neulaspolkua;paljon verttimetrej√§;nelivetopaikkoja;rymyp√§tki√§;kivikkoa;juurakkoa;suota","edellisen√§ p√§iv√§n√§;muutama p√§iv√§ aiemmin riitt√§√§"
"2018/09/23 7:58:13 PM GMT+3","30-40","mies","ultran","kolmesti tai nelj√§sti viikossa","nauttia luonnosta;kehitt√§√§ nopeuttani juoksijana;lis√§t√§ juoksumatkaa;voittaa itselleni asettamat haasteet;tutustua uusiin ihmisiin ja treenikavereihin;k√§yd√§ l√§pi useita luonnon tarjoamia n√§ht√§vyyksi√§","pidempi yhten√§inen p√§tk√§ vaellusreitist√∂ll√§;kisaaminen;polkujuoksu pohjoisessa suomessa","Ajanpuute","Joo","ihan sopiva kaikin puolin ja mukava;ihme rymy√§mist√§","Laajis;Touruvuori;Halssila;Kanavuori","juoksen alkul√§mp√§t;py√∂r√§ll√§;linkill√§;toisen kyydill√§;omalla autolla","17-19","17-19","17-19","17-19","17-19","5-7;7-10;12-15;10-12;15-17;17-19;19-21","5-7;7-10;12-15;10-12;15-17;17-19;19-21","1 h;1 h 30 min;2 h;2 h 30 min","maltillinen h√∂lkk√§ hitaimman mukaan;peruskest√§vyys-h√∂lkk√§√§ niin ettei sykkeet nouse;sellaista rallattelua ja v√§lill√§ pieni√§ iloitteluja (h√∂yryjen p√§√§st√§mist√§)","helppoa neulaspolkua;paljon verttimetrej√§;nelivetopaikkoja;rymyp√§tki√§;kivikkoa;juurakkoa","edellisen√§ p√§iv√§n√§;muutama p√§iv√§ aiemmin riitt√§√§;viikkoa aiemmin"
"2018/09/23 8:12:51 PM GMT+3","20-30","nainen","puolimaratonin","kolmesti tai nelj√§sti viikossa","nauttia luonnosta;lis√§t√§ juoksumatkaa;tutustua uusiin ihmisiin ja treenikavereihin","pidempi yhten√§inen p√§tk√§ vaellusreitist√∂ll√§;polkujuoksu pohjoisessa suomessa;polku- tai vuorijuoksu ulkomailla","En uskalla kulkea uusilla reiteill√§ yksin;Kaverin puute;Laiskuus","En","","Halssila;Keskusta","","","15-17;17-19","15-17;17-19","","","15-17;17-19","12-15;10-12;15-17","1 h","maltillinen h√∂lkk√§ hitaimman mukaan","helppoa neulaspolkua;vain pieni√§ m√§ki√§","muutama p√§iv√§ aiemmin riitt√§√§"
"2018/09/23 8:15:42 PM GMT+3","30-40","nainen","10km lenkin","yleens√§ kahdesti viikossa","nauttia luonnosta;lis√§t√§ juoksumatkaa;tutustua uusiin paikkoihin liikunnan keinoin","polku- tai vuorijuoksu ulkomailla","Ajanpuute","En","","Laajis;Touruvuori;Palokka","py√∂r√§ll√§;omalla autolla","","","","12-15","","","12-15","1 h","sellaista rallattelua ja v√§lill√§ pieni√§ iloitteluja (h√∂yryjen p√§√§st√§mist√§)","helppoa neulaspolkua;vain pieni√§ m√§ki√§;paljon verttimetrej√§","viikkoa aiemmin"
"2018/09/23 8:16:58 PM GMT+3","30-40","nainen","10km lenkin","yleens√§ kahdesti viikossa","nauttia luonnosta;tutustua uusiin ihmisiin ja treenikavereihin","uskaltaa juosta l√§himets√§n ulkopuolella ilman kaveria","Ajanpuute;Kaverin puute","Joo","liian pitk√§","Laajis;Touruvuori","omalla autolla","","","","","","","","1 h","maltillinen h√∂lkk√§ hitaimman mukaan;peruskest√§vyys-h√∂lkk√§√§ niin ettei sykkeet nouse","helppoa neulaspolkua;vain pieni√§ m√§ki√§","muutama p√§iv√§ aiemmin riitt√§√§;viikkoa aiemmin"
"2018/09/23 8:32:14 PM GMT+3","20-30","nainen","maratonin","yli viidesti viikossa","nauttia luonnosta;kehitt√§√§ nopeuttani juoksijana;tutustua uusiin paikkoihin liikunnan keinoin;voittaa itselleni asettamat haasteet;tutustua uusiin ihmisiin ja treenikavereihin;k√§yd√§ l√§pi useita luonnon tarjoamia n√§ht√§vyyksi√§","polkujuoksu pohjoisessa suomessa;polku- tai vuorijuoksu ulkomailla","","Joo","","Laajis","","5-7","5-7","5-7","5-7","5-7","","","1 h;1 h 30 min","peruskest√§vyys-h√∂lkk√§√§ niin ettei sykkeet nouse;sellaista rallattelua ja v√§lill√§ pieni√§ iloitteluja (h√∂yryjen p√§√§st√§mist√§)","","muutama p√§iv√§ aiemmin riitt√§√§;viikkoa aiemmin"
"2018/09/23 8:49:58 PM GMT+3","30-40","","ultran","yleens√§ kahdesti viikossa","nauttia luonnosta;tutustua uusiin paikkoihin liikunnan keinoin;tutustua uusiin ihmisiin ja treenikavereihin;l√∂yt√§√§ mahdollisimman paljon polkuja;k√§yd√§ l√§pi useita luonnon tarjoamia n√§ht√§vyyksi√§","pidempi yhten√§inen p√§tk√§ vaellusreitist√∂ll√§;kisaaminen;polkujuoksu pohjoisessa suomessa","Ajanpuute;Laiskuus","Joo","ihan sopiva kaikin puolin ja mukava","Kuokkala;Sippulanniemi;Keljonkangas","omalla autolla","17-19","17-19","17-19","17-19","17-19","7-10","7-10","1 h;2 h 30 min","peruskest√§vyys-h√∂lkk√§√§ niin ettei sykkeet nouse;sellaista rallattelua ja v√§lill√§ pieni√§ iloitteluja (h√∂yryjen p√§√§st√§mist√§)","helppoa neulaspolkua;paljon verttimetrej√§;kivikkoa;juurakkoa","muutama p√§iv√§ aiemmin riitt√§√§"
"2018/09/23 9:09:26 PM GMT+3","20-30","nainen","10km lenkin","yli viidesti viikossa","lis√§t√§ juoksumatkaa;tutustua uusiin paikkoihin liikunnan keinoin;tutustua uusiin ihmisiin ja treenikavereihin;l√∂yt√§√§ mahdollisimman paljon polkuja","uskaltaa juosta l√§himets√§n ulkopuolella ilman kaveria;polkujuoksu pohjoisessa suomessa","En uskalla kulkea uusilla reiteill√§ yksin;Laiskuus","En","","Laajis;Halssila;Kuokkala;Keskusta;Myllyj√§rvi","py√∂r√§ll√§","","17-19;19-21","17-19;19-21","17-19;19-21","17-19;19-21","12-15;10-12;15-17;17-19;19-21","12-15;10-12;15-17;17-19;19-21","1 h 30 min","maltillinen h√∂lkk√§ hitaimman mukaan;peruskest√§vyys-h√∂lkk√§√§ niin ettei sykkeet nouse","vain pieni√§ m√§ki√§","muutama p√§iv√§ aiemmin riitt√§√§"
"2018/09/23 9:18:26 PM GMT+3","30-40","mies","10km lenkin","yleens√§ kahdesti viikossa","nauttia luonnosta;lis√§t√§ juoksumatkaa;tutustua uusiin paikkoihin liikunnan keinoin;tutustua uusiin ihmisiin ja treenikavereihin;k√§yd√§ l√§pi useita luonnon tarjoamia n√§ht√§vyyksi√§","polkujuoksu pohjoisessa suomessa;polku- tai vuorijuoksu ulkomailla","Kaverin puute;Laiskuus","En","","Laajis;Touruvuori;Halssila;Kanavuori;Kuokkala;Keskusta;Sippulanniemi;Keljonkangas;Myllyj√§rvi","omalla autolla","","","","","","","","1 h","maltillinen h√∂lkk√§ hitaimman mukaan;sellaista rallattelua ja v√§lill√§ pieni√§ iloitteluja (h√∂yryjen p√§√§st√§mist√§);pitk√§√§ raastoa","paljon verttimetrej√§;kivikkoa","muutama p√§iv√§ aiemmin riitt√§√§"
"2018/09/23 9:25:30 PM GMT+3","20-30","nainen","ultran","yli viidesti viikossa","nauttia luonnosta;kehitt√§√§ nopeuttani juoksijana;lis√§t√§ juoksumatkaa;tutustua uusiin paikkoihin liikunnan keinoin;tutustua uusiin ihmisiin ja treenikavereihin;k√§yd√§ l√§pi useita luonnon tarjoamia n√§ht√§vyyksi√§","uskaltaa juosta l√§himets√§n ulkopuolella ilman kaveria;l√§heiset kansallispuistot;pidempi yhten√§inen p√§tk√§ vaellusreitist√∂ll√§;kisaaminen;polkujuoksu pohjoisessa suomessa;polku- tai vuorijuoksu ulkomailla","Kulkuyhteydet","Joo","ihan sopiva kaikin puolin ja mukava","Laajis;Kuokkala;Keskusta","juoksen alkul√§mp√§t;py√∂r√§ll√§","","","","","","","","1 h 30 min;2 h;2 h 30 min","maltillinen h√∂lkk√§ hitaimman mukaan;peruskest√§vyys-h√∂lkk√§√§ niin ettei sykkeet nouse;sellaista rallattelua ja v√§lill√§ pieni√§ iloitteluja (h√∂yryjen p√§√§st√§mist√§)","helppoa neulaspolkua;vain pieni√§ m√§ki√§;paljon verttimetrej√§;nelivetopaikkoja;rymyp√§tki√§;kivikkoa;juurakkoa;suota","muutama p√§iv√§ aiemmin riitt√§√§;viikkoa aiemmin"
"2018/09/23 9:32:13 PM GMT+3","30-40","mies","1km lenkin;5km lenkin;10km lenkin;puolimaratonin;maratonin;ultran","kolmesti tai nelj√§sti viikossa","nauttia luonnosta;kehitt√§√§ nopeuttani juoksijana;lis√§t√§ juoksumatkaa;tutustua uusiin paikkoihin liikunnan keinoin;voittaa itselleni asettamat haasteet;tutustua uusiin ihmisiin ja treenikavereihin;l√∂yt√§√§ mahdollisimman paljon polkuja;k√§yd√§ l√§pi useita luonnon tarjoamia n√§ht√§vyyksi√§","l√§heiset kansallispuistot;polkujuoksu pohjoisessa suomessa;polku- tai vuorijuoksu ulkomailla","Ajanpuute;Kulkuyhteydet","Joo","ihan sopiva kaikin puolin ja mukava","Laajis;Touruvuori;Halssila;Kuokkala","","","17-19","17-19","17-19","","","","1 h;1 h 30 min;2 h","maltillinen h√∂lkk√§ hitaimman mukaan","helppoa neulaspolkua;vain pieni√§ m√§ki√§;paljon verttimetrej√§;juurakkoa","muutama p√§iv√§ aiemmin riitt√§√§"
"2018/09/23 9:32:42 PM GMT+3","50-60","nainen","ultran","yli viidesti viikossa","nauttia luonnosta;kehitt√§√§ nopeuttani juoksijana;lis√§t√§ juoksumatkaa;voittaa itselleni asettamat haasteet;l√∂yt√§√§ mahdollisimman paljon polkuja","polku- tai vuorijuoksu ulkomailla","","Joo","ihan sopiva kaikin puolin ja mukava","Laajis;Touruvuori;Halssila;Kanavuori;Sippulanniemi;Keljonkangas;Myllyj√§rvi","omalla autolla","17-19","17-19","17-19","17-19","17-19","10-12","10-12;17-19","1 h;2 h;2 h 30 min","sellaista rallattelua ja v√§lill√§ pieni√§ iloitteluja (h√∂yryjen p√§√§st√§mist√§);pitk√§√§ raastoa","helppoa neulaspolkua;paljon verttimetrej√§;nelivetopaikkoja;rymyp√§tki√§;kivikkoa;juurakkoa;suota","muutama p√§iv√§ aiemmin riitt√§√§"
"2018/09/23 9:44:36 PM GMT+3","30-40","nainen","puolimaratonin","kolmesti tai nelj√§sti viikossa","nauttia luonnosta;tutustua uusiin ihmisiin ja treenikavereihin","uskaltaa juosta l√§himets√§n ulkopuolella ilman kaveria;l√§heiset kansallispuistot;pidempi yhten√§inen p√§tk√§ vaellusreitist√∂ll√§;polkujuoksu pohjoisessa suomessa","En uskalla kulkea uusilla reiteill√§ yksin;Kaverin puute","Joo","ihan sopiva kaikin puolin ja mukava","Laajis;Touruvuori;Kanavuori","omalla autolla","","","17-19","17-19","","7-10","7-10","1 h 30 min","peruskest√§vyys-h√∂lkk√§√§ niin ettei sykkeet nouse","","muutama p√§iv√§ aiemmin riitt√§√§"
"2018/09/23 10:00:37 PM GMT+3","40-50","nainen","maratonin","kolmesti tai nelj√§sti viikossa","nauttia luonnosta;kehitt√§√§ nopeuttani juoksijana;voittaa itselleni asettamat haasteet;tutustua uusiin ihmisiin ja treenikavereihin;k√§yd√§ l√§pi useita luonnon tarjoamia n√§ht√§vyyksi√§","uskaltaa juosta l√§himets√§n ulkopuolella ilman kaveria;l√§heiset kansallispuistot","En uskalla kulkea uusilla reiteill√§ yksin;Kaverin puute","En","En ole uskaltanut viel√§ osallistua üòÅ","Halssila;Kanavuori;Kuokkala;Sippulanniemi","py√∂r√§ll√§;omalla autolla","19-21;>21","19-21","19-21;>21","","","15-17","17-19;19-21;>21","1 h;1 h 30 min;2 h;2 h 30 min","peruskest√§vyys-h√∂lkk√§√§ niin ettei sykkeet nouse;sellaista rallattelua ja v√§lill√§ pieni√§ iloitteluja (h√∂yryjen p√§√§st√§mist√§);pitk√§√§ raastoa","helppoa neulaspolkua;rymyp√§tki√§;kivikkoa;juurakkoa;suota","muutama p√§iv√§ aiemmin riitt√§√§;viikkoa aiemmin"
"2018/09/23 10:04:06 PM GMT+3","20-30","mies","puolimaratonin","yleens√§ kahdesti viikossa","nauttia luonnosta;lis√§t√§ juoksumatkaa;tutustua uusiin paikkoihin liikunnan keinoin;voittaa itselleni asettamat haasteet;tutustua uusiin ihmisiin ja treenikavereihin;l√∂yt√§√§ mahdollisimman paljon polkuja","uskaltaa juosta l√§himets√§n ulkopuolella ilman kaveria;l√§heiset kansallispuistot;pidempi yhten√§inen p√§tk√§ vaellusreitist√∂ll√§;polkujuoksu pohjoisessa suomessa","Ajanpuute;Kulkuyhteydet","Joo","ihan sopiva kaikin puolin ja mukava","Laajis;Touruvuori;Halssila;Kanavuori;Kuokkala;Keskusta;Sippulanniemi;Keljonkangas;Myllyj√§rvi","py√∂r√§ll√§;omalla autolla","17-19;19-21","17-19;19-21","17-19;19-21","17-19;19-21","17-19;19-21","10-12","10-12","1 h 30 min;2 h;2 h 30 min","maltillinen h√∂lkk√§ hitaimman mukaan;peruskest√§vyys-h√∂lkk√§√§ niin ettei sykkeet nouse;sellaista rallattelua ja v√§lill√§ pieni√§ iloitteluja (h√∂yryjen p√§√§st√§mist√§)","helppoa neulaspolkua;rymyp√§tki√§;kivikkoa;juurakkoa","muutama p√§iv√§ aiemmin riitt√§√§"
"2018/09/23 10:08:49 PM GMT+3","40-50","nainen","10km lenkin","kolmesti tai nelj√§sti viikossa","nauttia luonnosta;kehitt√§√§ nopeuttani juoksijana;tutustua uusiin paikkoihin liikunnan keinoin;voittaa itselleni asettamat haasteet;tutustua uusiin ihmisiin ja treenikavereihin;k√§yd√§ l√§pi useita luonnon tarjoamia n√§ht√§vyyksi√§","uskaltaa juosta l√§himets√§n ulkopuolella ilman kaveria","En uskalla kulkea uusilla reiteill√§ yksin;Ajanpuute","Joo","ihan sopiva kaikin puolin ja mukava","Laajis;Keljonkangas;Muurame ","omalla autolla","","","","","","","","45 min;1 h;1 h 30 min","peruskest√§vyys-h√∂lkk√§√§ niin ettei sykkeet nouse;sellaista rallattelua ja v√§lill√§ pieni√§ iloitteluja (h√∂yryjen p√§√§st√§mist√§)","","muutama p√§iv√§ aiemmin riitt√§√§"
"2018/09/23 10:38:20 PM GMT+3","20-30","nainen","10km lenkin;puolimaratonin","kolmesti tai nelj√§sti viikossa","nauttia luonnosta;kehitt√§√§ nopeuttani juoksijana;lis√§t√§ juoksumatkaa;voittaa itselleni asettamat haasteet","uskaltaa juosta l√§himets√§n ulkopuolella ilman kaveria;l√§heiset kansallispuistot;pidempi yhten√§inen p√§tk√§ vaellusreitist√∂ll√§;kisaaminen;polkujuoksu pohjoisessa suomessa","En uskalla kulkea uusilla reiteill√§ yksin;Ajanpuute;Kaverin puute","En","En ole k√§ynyt","Laajis;Touruvuori;Halssila;Kanavuori;Kuokkala;Keskusta;Sippulanniemi;Keljonkangas","juoksen alkul√§mp√§t;py√∂r√§ll√§;omalla autolla","","12-15","12-15","12-15","","","","1 h;1 h 30 min;2 h","peruskest√§vyys-h√∂lkk√§√§ niin ettei sykkeet nouse;sellaista rallattelua ja v√§lill√§ pieni√§ iloitteluja (h√∂yryjen p√§√§st√§mist√§);pitk√§√§ raastoa","helppoa neulaspolkua;vain pieni√§ m√§ki√§;paljon verttimetrej√§;rymyp√§tki√§","muutama p√§iv√§ aiemmin riitt√§√§;viikkoa aiemmin"
"2018/09/23 10:51:05 PM GMT+3","40-50","mies","10km lenkin","kolmesti tai nelj√§sti viikossa","nauttia luonnosta;kehitt√§√§ nopeuttani juoksijana;lis√§t√§ juoksumatkaa;tutustua uusiin paikkoihin liikunnan keinoin;tutustua uusiin ihmisiin ja treenikavereihin","","Ajanpuute;Kaverin puute","En","","Laajis;Touruvuori;Halssila","omalla autolla","","","","","","7-10;12-15","7-10;12-15","30 min;45 min;1 h;1 h 30 min","maltillinen h√∂lkk√§ hitaimman mukaan;peruskest√§vyys-h√∂lkk√§√§ niin ettei sykkeet nouse;sellaista rallattelua ja v√§lill√§ pieni√§ iloitteluja (h√∂yryjen p√§√§st√§mist√§)","helppoa neulaspolkua;vain pieni√§ m√§ki√§;nelivetopaikkoja","edellisen√§ p√§iv√§n√§;muutama p√§iv√§ aiemmin riitt√§√§;viikkoa aiemmin"
"2018/09/24 6:38:34 AM GMT+3","40-50","nainen","maratonin","kolmesti tai nelj√§sti viikossa","voittaa itselleni asettamat haasteet;tutustua uusiin ihmisiin ja treenikavereihin;k√§yd√§ l√§pi useita luonnon tarjoamia n√§ht√§vyyksi√§","polkujuoksu pohjoisessa suomessa","Laiskuus","Joo","ihan sopiva kaikin puolin ja mukava","Laajis;Touruvuori;Halssila;Myllyj√§rvi;Hanhiper√§","omalla autolla","","","17-19","17-19","","7-10","10-12","1 h 30 min;2 h","peruskest√§vyys-h√∂lkk√§√§ niin ettei sykkeet nouse;sellaista rallattelua ja v√§lill√§ pieni√§ iloitteluja (h√∂yryjen p√§√§st√§mist√§)","kivikkoa;juurakkoa","muutama p√§iv√§ aiemmin riitt√§√§"
"2018/09/24 7:06:33 AM GMT+3","40-50","mies","puolimaratonin","kolmesti tai nelj√§sti viikossa","nauttia luonnosta;voittaa itselleni asettamat haasteet","l√§heiset kansallispuistot","M√§√§r√§rahojen puute;Ajanpuute","Joo","ihan sopiva kaikin puolin ja mukava","Laajis;Touruvuori;Halssila;Kanavuori;Kuokkala;Keskusta;Sippulanniemi;Keljonkangas;Myllyj√§rvi","juoksen alkul√§mp√§t;py√∂r√§ll√§","","17-19","","17-19","17-19","12-15","12-15","1 h 30 min","sellaista rallattelua ja v√§lill√§ pieni√§ iloitteluja (h√∂yryjen p√§√§st√§mist√§)","helppoa neulaspolkua;vain pieni√§ m√§ki√§;paljon verttimetrej√§;nelivetopaikkoja","muutama p√§iv√§ aiemmin riitt√§√§"
"2018/09/24 7:54:53 AM GMT+3","40-50","nainen","10km lenkin","kolmesti tai nelj√§sti viikossa","nauttia luonnosta;lis√§t√§ juoksumatkaa;tutustua uusiin ihmisiin ja treenikavereihin;l√∂yt√§√§ mahdollisimman paljon polkuja","l√§heiset kansallispuistot;polkujuoksu pohjoisessa suomessa","Kaverin puute","Joo","L√§hdin kokeilemaan kun oli tarjolla kevyt lenkki - alla oli jo muutamat lenkit joten kevyt passasi hyvin. Tarjolla oli kuitenkin yl√§m√§kitreeni√§ joten kysymys kuuluu: mik√§ on m√§√§ritelm√§ sanalle ‚Äùkevyt‚Äù? :) Olisin toki valmistautunut yl√§m√§kireeniin jos olisin tiennyt sen olevan ohjelmassa.. ","Laajis;Sippulanniemi;Myllyj√§rvi;Ladun maja","omalla autolla","","17-19","17-19","","17-19","10-12;15-17","10-12;15-17","1 h;1 h 30 min","peruskest√§vyys-h√∂lkk√§√§ niin ettei sykkeet nouse;sellaista rallattelua ja v√§lill√§ pieni√§ iloitteluja (h√∂yryjen p√§√§st√§mist√§);Jos ilottelu juoksun aikana tarkoittaa tekniikkaharjoitteita niin sit√§ :) Ei mielell√§√§n yrj√∂ilylenkkej√§ - eik√§ raastoa. Lenkit kannattaisi varmaan jotenkin m√§√§ritell√§ niin ett√§ kaikki tiet√§isiv√§t mit√§ on tarjolla. N√§in peruspirkko lenkkeilij√§ ei aina ymm√§rr√§ mit√§ kaikkea mielenkiintoista lenkeill√§nne tapahtuukaan. Voi sitten rajata hulluimmat ulkopuolelle tai valmistautua niihin v√§h√§n eri tavalla :) Ps.hyv√§ kysely! Lis√§ys seuraavaan kysymykseen: kaikkea ei tarvitse olla tarjolla joka lenkill√§ vaan tietty eri lenkeill√§ eri maastoja.. eli aina ei tartte olla helppoa neulaspolkua vaan eri kertoina eri juttuja? ","helppoa neulaspolkua;vain pieni√§ m√§ki√§;rymyp√§tki√§;kivikkoa;juurakkoa","viikkoa aiemmin"
"2018/09/24 8:08:22 AM GMT+3","30-40","mies","ultran","noin kerran viikossa","nauttia luonnosta;kehitt√§√§ nopeuttani juoksijana;lis√§t√§ juoksumatkaa","kisaaminen;polkujuoksu pohjoisessa suomessa;polku- tai vuorijuoksu ulkomailla","Ajanpuute","Joo","ihan sopiva kaikin puolin ja mukava","Laajis;Touruvuori;Halssila;Kanavuori;Kuokkala;Keskusta;Sippulanniemi;Keljonkangas;Myllyj√§rvi","omalla autolla","19-21","19-21","19-21","19-21","19-21","19-21","19-21","1 h","sellaista rallattelua ja v√§lill√§ pieni√§ iloitteluja (h√∂yryjen p√§√§st√§mist√§);pitk√§√§ raastoa","helppoa neulaspolkua;nelivetopaikkoja;rymyp√§tki√§;kivikkoa;juurakkoa","edellisen√§ p√§iv√§n√§;muutama p√§iv√§ aiemmin riitt√§√§"
"2018/09/24 8:19:21 AM GMT+3","30-40","nainen","ultran","yli viidesti viikossa","lis√§t√§ juoksumatkaa;tutustua uusiin paikkoihin liikunnan keinoin;voittaa itselleni asettamat haasteet;k√§yd√§ l√§pi useita luonnon tarjoamia n√§ht√§vyyksi√§","uskaltaa juosta l√§himets√§n ulkopuolella ilman kaveria;l√§heiset kansallispuistot;kisaaminen;polkujuoksu pohjoisessa suomessa","En uskalla kulkea uusilla reiteill√§ yksin;Laiskuus","Joo","minun tasolleni liian nopeaa","Laajis;Touruvuori;Halssila","omalla autolla","","","","","","","","1 h 30 min;2 h","maltillinen h√∂lkk√§ hitaimman mukaan;peruskest√§vyys-h√∂lkk√§√§ niin ettei sykkeet nouse","helppoa neulaspolkua;vain pieni√§ m√§ki√§;paljon verttimetrej√§;nelivetopaikkoja;rymyp√§tki√§;kivikkoa;juurakkoa;suota","muutama p√§iv√§ aiemmin riitt√§√§"
"2018/09/24 9:19:23 AM GMT+3","40-50","nainen","5km lenkin;10km lenkin;puolimaratonin","yli viidesti viikossa","nauttia luonnosta;l√∂yt√§√§ mahdollisimman paljon polkuja;k√§yd√§ l√§pi useita luonnon tarjoamia n√§ht√§vyyksi√§","polku- tai vuorijuoksu ulkomailla","Laiskuus","Joo","minun tasolleni liian nopeaa","Laajis;Touruvuori;Keskusta","toisen kyydill√§;omalla autolla;p√§√§sen polkulenkille suoraan kotipihasta my√∂s","17-19","","17-19","","","","10-12;17-19","1 h;1 h 30 min;2 h","maltillinen h√∂lkk√§ hitaimman mukaan;peruskest√§vyys-h√∂lkk√§√§ niin ettei sykkeet nouse","helppoa neulaspolkua;vain pieni√§ m√§ki√§;kivikkoa;juurakkoa;suota","muutama p√§iv√§ aiemmin riitt√§√§;viikkoa aiemmin;kaksi viikkoa aiemmin jotta kerke√§√§ j√§rjestell√§ aikaa"
"2018/09/24 10:39:37 AM GMT+3","30-40","nainen","maratonin","kolmesti tai nelj√§sti viikossa","nauttia luonnosta;kehitt√§√§ nopeuttani juoksijana;lis√§t√§ juoksumatkaa;voittaa itselleni asettamat haasteet;tutustua uusiin ihmisiin ja treenikavereihin","polkujuoksu pohjoisessa suomessa","En uskalla kulkea uusilla reiteill√§ yksin","Joo","ihan sopiva kaikin puolin ja mukava","Laajis;Touruvuori;Halssila;Kanavuori;Kuokkala;Keskusta","toisen kyydill√§;omalla autolla","17-19;19-21","17-19;19-21","17-19;19-21","17-19;19-21","17-19;19-21","10-12;12-15;15-17;17-19;19-21","10-12;12-15;15-17;17-19;19-21","1 h 30 min;2 h;2 h 30 min","peruskest√§vyys-h√∂lkk√§√§ niin ettei sykkeet nouse;sellaista rallattelua ja v√§lill√§ pieni√§ iloitteluja (h√∂yryjen p√§√§st√§mist√§)","helppoa neulaspolkua;vain pieni√§ m√§ki√§;paljon verttimetrej√§;nelivetopaikkoja;rymyp√§tki√§;kivikkoa;juurakkoa;suota","muutama p√§iv√§ aiemmin riitt√§√§;viikkoa aiemmin"
"2018/09/24 10:41:10 AM GMT+3","40-50","nainen","puolimaratonin","kolmesti tai nelj√§sti viikossa","nauttia luonnosta;kehitt√§√§ nopeuttani juoksijana;lis√§t√§ juoksumatkaa;tutustua uusiin paikkoihin liikunnan keinoin;voittaa itselleni asettamat haasteet;tutustua uusiin ihmisiin ja treenikavereihin;l√∂yt√§√§ mahdollisimman paljon polkuja;k√§yd√§ l√§pi useita luonnon tarjoamia n√§ht√§vyyksi√§","l√§heiset kansallispuistot;pidempi yhten√§inen p√§tk√§ vaellusreitist√∂ll√§;kisaaminen;polkujuoksu pohjoisessa suomessa;polku- tai vuorijuoksu ulkomailla","M√§√§r√§rahojen puute;Ajanpuute;Kulkuyhteydet;Laiskuus","Joo","ihan sopiva kaikin puolin ja mukava","Halssila;Keskusta;Mik√§ vaan, jos jalan, py√∂r√§ll√§ tai kimppakyydill√§ p√§√§see. Kotimets√§ Aittovuoressa houkuttelee, koska se on vieress√§. Menee vain ulos ovesta ja nousee m√§en mets√§√§n.","py√∂r√§ll√§;toisen kyydill√§","7-10;10-12;12-15;15-17;17-19;19-21","7-10;17-19;19-21","7-10;17-19;19-21","7-10;17-19;19-21","7-10;10-12;12-15;15-17;17-19;19-21","7-10;10-12","7-10;10-12;17-19;19-21","30 min;45 min;1 h;1 h 30 min;2 h","reipas k√§vely t√§ll√§ kunnolla saa jo huohottamaan;maltillinen h√∂lkk√§ hitaimman mukaan;peruskest√§vyys-h√∂lkk√§√§ niin ettei sykkeet nouse;sellaista rallattelua ja v√§lill√§ pieni√§ iloitteluja (h√∂yryjen p√§√§st√§mist√§);oksennukseen asti;En ole viel√§k√§√§n palautunut elokuun kisoista, ett√§ nyt jo k√§vely on tarpeeksi rankkaa jaloille. L√§√§k√§riseuranta k√§ynniss√§. Rankkojakin treenej√§ jaksaa ajoittain, mutta maltilla ja kehoa kuunnellen.","helppoa neulaspolkua;vain pieni√§ m√§ki√§;paljon verttimetrej√§;nelivetopaikkoja;rymyp√§tki√§;kivikkoa;juurakkoa;suota","muutama p√§iv√§ aiemmin riitt√§√§;viikkoa aiemmin"
"2018/09/24 1:19:51 PM GMT+3","20-30","mies","maratonin","yli viidesti viikossa","kehitt√§√§ nopeuttani juoksijana;p√§√§st√§ podiumille","kisaaminen","M√§√§r√§rahojen puute","Joo","vedin lenkin joten se oli 5/5","Halssila;Keskusta;Jyv√§sj√§rven kierto ja Tuomij√§rven kierto","juoksen alkul√§mp√§t","17-19","17-19","17-19","17-19","17-19","10-12","10-12","1 h 30 min","oksennukseen asti;Kunnon VK/MK-t√∂√∂ttej√§","helppoa neulaspolkua","muutama p√§iv√§ aiemmin riitt√§√§;viikkoa aiemmin"
"2018/09/24 1:37:11 PM GMT+3","30-40","nainen","ultran","kolmesti tai nelj√§sti viikossa","nauttia luonnosta;kehitt√§√§ nopeuttani juoksijana;tutustua uusiin paikkoihin liikunnan keinoin;l√∂yt√§√§ mahdollisimman paljon polkuja","pidempi yhten√§inen p√§tk√§ vaellusreitist√∂ll√§;kisaaminen","Ajanpuute;Kulkuyhteydet","En","","Kinkomaan ymp√§rist√∂","py√∂r√§ll√§;omalla autolla","17-19","","17-19","","17-19","10-12;12-15","10-12;12-15","1 h;1 h 30 min","peruskest√§vyys-h√∂lkk√§√§ niin ettei sykkeet nouse;sellaista rallattelua ja v√§lill√§ pieni√§ iloitteluja (h√∂yryjen p√§√§st√§mist√§)","helppoa neulaspolkua;kivikkoa;juurakkoa","muutama p√§iv√§ aiemmin riitt√§√§"
"2018/09/24 2:12:07 PM GMT+3","20-30","nainen","puolimaratonin","yli viidesti viikossa","nauttia luonnosta;kehitt√§√§ nopeuttani juoksijana;lis√§t√§ juoksumatkaa;tutustua uusiin paikkoihin liikunnan keinoin;voittaa itselleni asettamat haasteet;l√∂yt√§√§ mahdollisimman paljon polkuja","l√§heiset kansallispuistot;pidempi yhten√§inen p√§tk√§ vaellusreitist√∂ll√§;polkujuoksu pohjoisessa suomessa;polku- tai vuorijuoksu ulkomailla","En uskalla kulkea uusilla reiteill√§ yksin;Ajanpuute;Kaverin puute;Kulkuyhteydet","En","","Laajis;Touruvuori;Kuokkala;Keskusta","juoksen alkul√§mp√§t;py√∂r√§ll√§","17-19;19-21","17-19;19-21","17-19;19-21","17-19;19-21","","5-7;7-10;10-12;12-15;15-17","5-7;7-10;10-12;12-15","45 min;1 h;1 h 30 min;2 h;2 h 30 min","sellaista rallattelua ja v√§lill√§ pieni√§ iloitteluja (h√∂yryjen p√§√§st√§mist√§);pitk√§√§ raastoa","helppoa neulaspolkua;vain pieni√§ m√§ki√§;paljon verttimetrej√§;nelivetopaikkoja;rymyp√§tki√§;kivikkoa;juurakkoa;suota","muutama p√§iv√§ aiemmin riitt√§√§"
"2018/09/24 2:49:44 PM GMT+3","30-40","nainen","puolimaratonin","yli viidesti viikossa","lis√§t√§ juoksumatkaa;tutustua uusiin ihmisiin ja treenikavereihin;l√∂yt√§√§ mahdollisimman paljon polkuja","l√§heiset kansallispuistot;kisaaminen;polkujuoksu pohjoisessa suomessa","Kaverin puute","Joo","ihan sopiva kaikin puolin ja mukava","Laajis","juoksen alkul√§mp√§t;py√∂r√§ll√§;omalla autolla","17-19","17-19","17-19","17-19","17-19","10-12","10-12","1 h;1 h 30 min","peruskest√§vyys-h√∂lkk√§√§ niin ettei sykkeet nouse;sellaista rallattelua ja v√§lill√§ pieni√§ iloitteluja (h√∂yryjen p√§√§st√§mist√§)","helppoa neulaspolkua;paljon verttimetrej√§;kivikkoa;juurakkoa","muutama p√§iv√§ aiemmin riitt√§√§"
"2018/09/24 6:52:37 PM GMT+3","20-30","nainen","10km lenkin","kolmesti tai nelj√§sti viikossa","kehitt√§√§ nopeuttani juoksijana;lis√§t√§ juoksumatkaa;voittaa itselleni asettamat haasteet;l√∂yt√§√§ mahdollisimman paljon polkuja","uskaltaa juosta l√§himets√§n ulkopuolella ilman kaveria;pidempi yhten√§inen p√§tk√§ vaellusreitist√∂ll√§;kisaaminen;polkujuoksu pohjoisessa suomessa","En uskalla kulkea uusilla reiteill√§ yksin;Ajanpuute;Laiskuus","Joo","ihan sopiva kaikin puolin ja mukava;ihme rymy√§mist√§;keng√§t kastui","Laajis;Kuokkala;Keskusta","py√∂r√§ll√§","10-12;15-17;17-19","10-12;15-17;17-19","10-12","10-12","10-12;15-17;17-19","10-12","10-12;15-17;17-19","45 min;1 h","maltillinen h√∂lkk√§ hitaimman mukaan;peruskest√§vyys-h√∂lkk√§√§ niin ettei sykkeet nouse","helppoa neulaspolkua;paljon verttimetrej√§;rymyp√§tki√§","muutama p√§iv√§ aiemmin riitt√§√§;viikkoa aiemmin"
"2018/09/24 9:02:06 PM GMT+3","30-40","mies","maratonin","yli viidesti viikossa","nauttia luonnosta;lis√§t√§ juoksumatkaa;tutustua uusiin paikkoihin liikunnan keinoin;voittaa itselleni asettamat haasteet;tutustua uusiin ihmisiin ja treenikavereihin;l√∂yt√§√§ mahdollisimman paljon polkuja","l√§heiset kansallispuistot;pidempi yhten√§inen p√§tk√§ vaellusreitist√∂ll√§;kisaaminen;polkujuoksu pohjoisessa suomessa;UTMB skaba","Ajanpuute;Kaverin puute","Joo","ihan sopiva kaikin puolin ja mukava","Sippulanniemi;Keljonkangas;Myllyj√§rvi","py√∂r√§ll√§;omalla autolla","17-19","","17-19","17-19","","7-10;10-12","7-10;10-12","1 h;1 h 30 min;2 h","sellaista rallattelua ja v√§lill√§ pieni√§ iloitteluja (h√∂yryjen p√§√§st√§mist√§);pitk√§√§ raastoa","helppoa neulaspolkua;paljon verttimetrej√§;nelivetopaikkoja;kivikkoa;juurakkoa","muutama p√§iv√§ aiemmin riitt√§√§;viikkoa aiemmin"
"2018/09/24 9:12:21 PM GMT+3","50-60","mies","maratonin","yli viidesti viikossa","nauttia luonnosta;tutustua uusiin paikkoihin liikunnan keinoin;voittaa itselleni asettamat haasteet;tutustua uusiin ihmisiin ja treenikavereihin","pidempi yhten√§inen p√§tk√§ vaellusreitist√∂ll√§;polkujuoksu pohjoisessa suomessa","Kaverin puute;Laiskuus","Joo","ihan sopiva kaikin puolin ja mukava","Laajis;Sippulanniemi;Keljonkangas","py√∂r√§ll√§;omalla autolla","17-19;19-21","17-19;19-21","17-19;19-21","17-19;19-21","17-19;19-21","10-12","10-12","1 h;1 h 30 min","maltillinen h√∂lkk√§ hitaimman mukaan;peruskest√§vyys-h√∂lkk√§√§ niin ettei sykkeet nouse","helppoa neulaspolkua;paljon verttimetrej√§;rymyp√§tki√§","muutama p√§iv√§ aiemmin riitt√§√§"
"2018/09/25 8:14:05 AM GMT+3","40-50","nainen","10km lenkin","kolmesti tai nelj√§sti viikossa","nauttia luonnosta;kehitt√§√§ nopeuttani juoksijana;lis√§t√§ juoksumatkaa;tutustua uusiin paikkoihin liikunnan keinoin;voittaa itselleni asettamat haasteet;tutustua uusiin ihmisiin ja treenikavereihin;l√∂yt√§√§ mahdollisimman paljon polkuja","polkujuoksu pohjoisessa suomessa","M√§√§r√§rahojen puute;Ajanpuute","Joo","minun tasolleni liian nopeaa","Noi kaikki","omalla autolla","17-19","17-19","17-19","17-19","17-19","10-12","10-12","1 h 30 min;2 h","maltillinen h√∂lkk√§ hitaimman mukaan;peruskest√§vyys-h√∂lkk√§√§ niin ettei sykkeet nouse;sellaista rallattelua ja v√§lill√§ pieni√§ iloitteluja (h√∂yryjen p√§√§st√§mist√§)","helppoa neulaspolkua;vain pieni√§ m√§ki√§;paljon verttimetrej√§;rymyp√§tki√§;juurakkoa;suota","muutama p√§iv√§ aiemmin riitt√§√§"
"2018/09/25 9:46:51 AM GMT+3","20-30","nainen","10km lenkin","kolmesti tai nelj√§sti viikossa","nauttia luonnosta;tutustua uusiin paikkoihin liikunnan keinoin;tutustua uusiin ihmisiin ja treenikavereihin","l√§heiset kansallispuistot","Kaverin puute;Kulkuyhteydet","En","","Laajis;Kuokkala;Keskusta;Sippulanniemi","py√∂r√§ll√§","5-7","5-7","5-7","5-7","5-7","","","1 h;1 h 30 min","peruskest√§vyys-h√∂lkk√§√§ niin ettei sykkeet nouse","helppoa neulaspolkua;juurakkoa","muutama p√§iv√§ aiemmin riitt√§√§"
"2018/09/25 1:29:33 PM GMT+3","30-40","nainen","10km lenkin","kolmesti tai nelj√§sti viikossa","nauttia luonnosta;lis√§t√§ juoksumatkaa;voittaa itselleni asettamat haasteet;tutustua uusiin ihmisiin ja treenikavereihin;l√∂yt√§√§ mahdollisimman paljon polkuja","uskaltaa juosta l√§himets√§n ulkopuolella ilman kaveria;l√§heiset kansallispuistot;kisaaminen;polkujuoksu pohjoisessa suomessa","En uskalla kulkea uusilla reiteill√§ yksin;Ajanpuute;Kaverin puute","En","","Laajis;Touruvuori;Keskusta","py√∂r√§ll√§;toisen kyydill√§","7-10;10-12;17-19","17-19","17-19","17-19","7-10;10-12;17-19","7-10;10-12;15-17;17-19","7-10;10-12;15-17;17-19","1 h","peruskest√§vyys-h√∂lkk√§√§ niin ettei sykkeet nouse;sellaista rallattelua ja v√§lill√§ pieni√§ iloitteluja (h√∂yryjen p√§√§st√§mist√§)","helppoa neulaspolkua;nelivetopaikkoja","muutama p√§iv√§ aiemmin riitt√§√§;viikkoa aiemmin"
"2018/09/25 3:55:02 PM GMT+3","20-30","nainen","10km lenkin","kolmesti tai nelj√§sti viikossa","nauttia luonnosta;lis√§t√§ juoksumatkaa;tutustua uusiin paikkoihin liikunnan keinoin;voittaa itselleni asettamat haasteet;l√∂yt√§√§ mahdollisimman paljon polkuja","pidempi yhten√§inen p√§tk√§ vaellusreitist√∂ll√§","En uskalla kulkea uusilla reiteill√§ yksin;Ajanpuute;Laiskuus","Joo","ihan sopiva kaikin puolin ja mukava","Laajis;Halssila;Kuokkala;Keskusta;Myllyj√§rvi","py√∂r√§ll√§","17-19;19-21","17-19;19-21","17-19;19-21","17-19;19-21","17-19;19-21","12-15;15-17;17-19;19-21","12-15;15-17;17-19;19-21","1 h 30 min","peruskest√§vyys-h√∂lkk√§√§ niin ettei sykkeet nouse","","muutama p√§iv√§ aiemmin riitt√§√§"
"2018/09/25 8:07:22 PM GMT+3","40-50","jotain muuta","ultran","yli viidesti viikossa","voittaa itselleni asettamat haasteet","","","Joo","Liias hidas. Liikaa k√§vely√§, vaikka mainostettiin juoksulenkkin√§. T√§rkeint√§ tuntui olevan valokuvaaminen someen. ","Myllyj√§rvi","omalla autolla","","","","5-7","5-7","","","1 h 30 min","oksennukseen asti","","viikkoa aiemmin"
"2018/09/25 10:39:16 PM GMT+3","20-30","nainen","10km lenkin","kolmesti tai nelj√§sti viikossa","nauttia luonnosta;kehitt√§√§ nopeuttani juoksijana;lis√§t√§ juoksumatkaa;tutustua uusiin paikkoihin liikunnan keinoin;voittaa itselleni asettamat haasteet;tutustua uusiin ihmisiin ja treenikavereihin","l√§heiset kansallispuistot;pidempi yhten√§inen p√§tk√§ vaellusreitist√∂ll√§;polkujuoksu pohjoisessa suomessa","Ajanpuute","Joo","ihan sopiva kaikin puolin ja mukava","Laajis;Kuokkala;Keskusta;Sippulanniemi;Keljonkangas;Myllyj√§rvi","py√∂r√§ll√§;omalla autolla","17-19;19-21","17-19;19-21","17-19;19-21","17-19;19-21","17-19;19-21","17-19;19-21","17-19;19-21","1 h;1 h 30 min","peruskest√§vyys-h√∂lkk√§√§ niin ettei sykkeet nouse;sellaista rallattelua ja v√§lill√§ pieni√§ iloitteluja (h√∂yryjen p√§√§st√§mist√§)","rymyp√§tki√§;kivikkoa;juurakkoa;suota","viikkoa aiemmin"
"2018/09/30 2:11:13 PM GMT+3","40-50","nainen","puolimaratonin","yli viidesti viikossa","nauttia luonnosta;kehitt√§√§ nopeuttani juoksijana","pidempi yhten√§inen p√§tk√§ vaellusreitist√∂ll√§;polku- tai vuorijuoksu ulkomailla","Ajanpuute;Kaverin puute","En","","Laajis;Kuokkala;Sippulanniemi;Keljonkangas;Myllyj√§rvi","juoksen alkul√§mp√§t","","","17-19","","","7-10;10-12","12-15","1 h 30 min","peruskest√§vyys-h√∂lkk√§√§ niin ettei sykkeet nouse;sellaista rallattelua ja v√§lill√§ pieni√§ iloitteluja (h√∂yryjen p√§√§st√§mist√§);pitk√§√§ raastoa","nelivetopaikkoja;rymyp√§tki√§","muutama p√§iv√§ aiemmin riitt√§√§"
"2018/10/01 10:40:56 AM GMT+3","20-30","nainen","10km lenkin;puolimaratonin","yli viidesti viikossa","nauttia luonnosta;tutustua uusiin paikkoihin liikunnan keinoin;voittaa itselleni asettamat haasteet;tutustua uusiin ihmisiin ja treenikavereihin;l√∂yt√§√§ mahdollisimman paljon polkuja;k√§yd√§ l√§pi useita luonnon tarjoamia n√§ht√§vyyksi√§","","En uskalla kulkea uusilla reiteill√§ yksin;Kaverin puute","Joo","ihan sopiva kaikin puolin ja mukava","Laajis;Touruvuori;Halssila;Kanavuori;Kuokkala;Keskusta;Sippulanniemi;Keljonkangas;Myllyj√§rvi","omalla autolla","17-19;19-21;>21","17-19;19-21;>21","","","17-19;19-21;>21","17-19;19-21;>21","17-19;19-21;>21","1 h 30 min","peruskest√§vyys-h√∂lkk√§√§ niin ettei sykkeet nouse;sellaista rallattelua ja v√§lill√§ pieni√§ iloitteluja (h√∂yryjen p√§√§st√§mist√§)","","muutama p√§iv√§ aiemmin riitt√§√§;viikkoa aiemmin"
"2018/10/05 1:37:35 PM GMT+3","20-30","nainen","1km lenkin;5km lenkin;10km lenkin;puolimaratonin","yli viidesti viikossa","nauttia luonnosta;tutustua uusiin paikkoihin liikunnan keinoin;voittaa itselleni asettamat haasteet;tutustua uusiin ihmisiin ja treenikavereihin;l√∂yt√§√§ mahdollisimman paljon polkuja;k√§yd√§ l√§pi useita luonnon tarjoamia n√§ht√§vyyksi√§","l√§heiset kansallispuistot;pidempi yhten√§inen p√§tk√§ vaellusreitist√∂ll√§;polkujuoksu pohjoisessa suomessa","","En","","Sippulanniemi;Keljonkangas;Myllyj√§rvi","juoksen alkul√§mp√§t;py√∂r√§ll√§","","7-10;10-12","7-10;10-12","","","","","1 h;1 h 30 min;2 h","maltillinen h√∂lkk√§ hitaimman mukaan;peruskest√§vyys-h√∂lkk√§√§ niin ettei sykkeet nouse;sellaista rallattelua ja v√§lill√§ pieni√§ iloitteluja (h√∂yryjen p√§√§st√§mist√§);tekniikkaralleja voisi tehd√§ joskus porukalla","helppoa neulaspolkua;vain pieni√§ m√§ki√§;paljon verttimetrej√§;nelivetopaikkoja;rymyp√§tki√§;juurakkoa;suota","viikkoa aiemmin"
"2018/10/05 2:18:09 PM GMT+3","20-30","nainen","5km lenkin","kolmesti tai nelj√§sti viikossa","nauttia luonnosta;kehitt√§√§ nopeuttani juoksijana;lis√§t√§ juoksumatkaa;voittaa itselleni asettamat haasteet;tutustua uusiin ihmisiin ja treenikavereihin;k√§yd√§ l√§pi useita luonnon tarjoamia n√§ht√§vyyksi√§","l√§heiset kansallispuistot;kisaaminen;polku- tai vuorijuoksu ulkomailla","Ajanpuute;Kaverin puute;Laiskuus","En","","Touruvuori;Halssila","","17-19","","19-21","17-19;19-21","17-19;19-21","10-12;12-15;15-17","10-12;12-15;15-17","45 min;1 h;1 h 30 min;2 h","maltillinen h√∂lkk√§ hitaimman mukaan","helppoa neulaspolkua;vain pieni√§ m√§ki√§","muutama p√§iv√§ aiemmin riitt√§√§;viikkoa aiemmin"
"2018/10/05 6:59:58 PM GMT+3","40-50","mies","puolimaratonin","kolmesti tai nelj√§sti viikossa","lis√§t√§ juoksumatkaa;voittaa itselleni asettamat haasteet;tutustua uusiin ihmisiin ja treenikavereihin;l√∂yt√§√§ mahdollisimman paljon polkuja","uskaltaa juosta l√§himets√§n ulkopuolella ilman kaveria;l√§heiset kansallispuistot;pidempi yhten√§inen p√§tk√§ vaellusreitist√∂ll√§","Ajanpuute;Laiskuus","En","","Laajis;Touruvuori;Halssila;Kanavuori;Kuokkala;Keskusta;Sippulanniemi;Keljonkangas","","","","","","","","","1 h;1 h 30 min;2 h","sellaista rallattelua ja v√§lill√§ pieni√§ iloitteluja (h√∂yryjen p√§√§st√§mist√§)","helppoa neulaspolkua;vain pieni√§ m√§ki√§;paljon verttimetrej√§","muutama p√§iv√§ aiemmin riitt√§√§"
"2018/10/05 8:21:12 PM GMT+3","0-20","nainen","puolimaratonin","yli viidesti viikossa","nauttia luonnosta;kehitt√§√§ nopeuttani juoksijana;lis√§t√§ juoksumatkaa;tutustua uusiin paikkoihin liikunnan keinoin;voittaa itselleni asettamat haasteet;l√∂yt√§√§ mahdollisimman paljon polkuja;k√§yd√§ l√§pi useita luonnon tarjoamia n√§ht√§vyyksi√§","uskaltaa juosta l√§himets√§n ulkopuolella ilman kaveria;kisaaminen;polkujuoksu pohjoisessa suomessa;UTMB skaba","En uskalla kulkea uusilla reiteill√§ yksin;M√§√§r√§rahojen puute;Ajanpuute","En","","Laajis;Touruvuori","juoksen alkul√§mp√§t;py√∂r√§ll√§","7-10;10-12;12-15","7-10;10-12;12-15","7-10;10-12;12-15","7-10;10-12;12-15","7-10;10-12;12-15;15-17;17-19;19-21","5-7;7-10;10-12;12-15","15-17;17-19;19-21","1 h 30 min;2 h","peruskest√§vyys-h√∂lkk√§√§ niin ettei sykkeet nouse;sellaista rallattelua ja v√§lill√§ pieni√§ iloitteluja (h√∂yryjen p√§√§st√§mist√§)","","muutama p√§iv√§ aiemmin riitt√§√§;viikkoa aiemmin"
"2018/10/05 8:53:13 PM GMT+3","30-40","nainen","ultran","yli viidesti viikossa","nauttia luonnosta;kehitt√§√§ nopeuttani juoksijana;lis√§t√§ juoksumatkaa;tutustua uusiin paikkoihin liikunnan keinoin;l√∂yt√§√§ mahdollisimman paljon polkuja","l√§heiset kansallispuistot;pidempi yhten√§inen p√§tk√§ vaellusreitist√∂ll√§;polkujuoksu pohjoisessa suomessa","Ajanpuute","Joo","ihan sopiva kaikin puolin ja mukava","Laajis;Touruvuori;Halssila","py√∂r√§ll√§;omalla autolla","","","","","","","","1 h 30 min;2 h","peruskest√§vyys-h√∂lkk√§√§ niin ettei sykkeet nouse;sellaista rallattelua ja v√§lill√§ pieni√§ iloitteluja (h√∂yryjen p√§√§st√§mist√§);pitk√§√§ raastoa","helppoa neulaspolkua;vain pieni√§ m√§ki√§;paljon verttimetrej√§;nelivetopaikkoja;rymyp√§tki√§;kivikkoa;juurakkoa","muutama p√§iv√§ aiemmin riitt√§√§"
"2018/10/06 4:37:09 PM GMT+3","20-30","nainen","10km lenkin","kolmesti tai nelj√§sti viikossa","nauttia luonnosta;lis√§t√§ juoksumatkaa;tutustua uusiin paikkoihin liikunnan keinoin;tutustua uusiin ihmisiin ja treenikavereihin","l√§heiset kansallispuistot;kisaaminen;polkujuoksu pohjoisessa suomessa;polku- tai vuorijuoksu ulkomailla;UTMB skaba","Kaverin puute;Kulkuyhteydet","Joo","ihan sopiva kaikin puolin ja mukava","Laajis;Halssila;Keskusta;Keljonkangas","toisen kyydill√§","","","","","19-21;>21","7-10;10-12;12-15;15-17;17-19;19-21;>21","7-10;10-12;12-15;15-17;17-19;19-21;>21","45 min;1 h","maltillinen h√∂lkk√§ hitaimman mukaan;sellaista rallattelua ja v√§lill√§ pieni√§ iloitteluja (h√∂yryjen p√§√§st√§mist√§)","paljon verttimetrej√§;rymyp√§tki√§;kivikkoa;juurakkoa","muutama p√§iv√§ aiemmin riitt√§√§"
"2018/10/06 5:00:57 PM GMT+3","40-50","nainen","10km lenkin","yli viidesti viikossa","nauttia luonnosta;tutustua uusiin paikkoihin liikunnan keinoin;tutustua uusiin ihmisiin ja treenikavereihin","uskaltaa juosta l√§himets√§n ulkopuolella ilman kaveria;l√§heiset kansallispuistot","Ajanpuute;Laiskuus","Joo","ihan sopiva kaikin puolin ja mukava;minun tasolleni liian nopeaa","Halssila;Kanavuori;Kuokkala","py√∂r√§ll√§","17-19","","17-19","","","10-12;12-15;15-17","10-12;12-15;15-17","1 h;1 h 30 min","maltillinen h√∂lkk√§ hitaimman mukaan;peruskest√§vyys-h√∂lkk√§√§ niin ettei sykkeet nouse","","edellisen√§ p√§iv√§n√§;muutama p√§iv√§ aiemmin riitt√§√§"
"2018/10/06 9:30:54 PM GMT+3","20-30","nainen","1km lenkin;5km lenkin;10km lenkin;puolimaratonin","yli viidesti viikossa","nauttia luonnosta;kehitt√§√§ nopeuttani juoksijana;lis√§t√§ juoksumatkaa;tutustua uusiin paikkoihin liikunnan keinoin;voittaa itselleni asettamat haasteet;tutustua uusiin ihmisiin ja treenikavereihin;l√∂yt√§√§ mahdollisimman paljon polkuja;k√§yd√§ l√§pi useita luonnon tarjoamia n√§ht√§vyyksi√§","l√§heiset kansallispuistot;kisaaminen","Ajanpuute;Kulkuyhteydet","En","","Laajis;Touruvuori;Halssila;Kanavuori;Kuokkala;Keskusta;Sippulanniemi;Keljonkangas;Myllyj√§rvi","","19-21","19-21","19-21","19-21","19-21;>21","12-15;15-17;17-19;19-21;>21","12-15;15-17;17-19;19-21","1 h;1 h 30 min;2 h;2 h 30 min","maltillinen h√∂lkk√§ hitaimman mukaan;peruskest√§vyys-h√∂lkk√§√§ niin ettei sykkeet nouse;sellaista rallattelua ja v√§lill√§ pieni√§ iloitteluja (h√∂yryjen p√§√§st√§mist√§);pitk√§√§ raastoa","helppoa neulaspolkua;paljon verttimetrej√§;rymyp√§tki√§;kivikkoa;juurakkoa;suota","muutama p√§iv√§ aiemmin riitt√§√§;viikkoa aiemmin;kaksi viikkoa aiemmin jotta kerke√§√§ j√§rjestell√§ aikaa"
"2018/10/06 10:00:07 PM GMT+3","40-50","nainen","puolimaratonin","yli viidesti viikossa","nauttia luonnosta;kehitt√§√§ nopeuttani juoksijana;lis√§t√§ juoksumatkaa;voittaa itselleni asettamat haasteet;l√∂yt√§√§ mahdollisimman paljon polkuja","uskaltaa juosta l√§himets√§n ulkopuolella ilman kaveria;l√§heiset kansallispuistot;pidempi yhten√§inen p√§tk√§ vaellusreitist√∂ll√§;kisaaminen;polkujuoksu pohjoisessa suomessa","Ajanpuute","Joo","ihan sopiva kaikin puolin ja mukava;ihme rymy√§mist√§;keng√§t kastui","Kaikki em. k√§y","py√∂r√§ll√§;toisen kyydill√§;omalla autolla","17-19","17-19","17-19","17-19","17-19","10-12;12-15;15-17;17-19","10-12;12-15;15-17;17-19","1 h 30 min;2 h","peruskest√§vyys-h√∂lkk√§√§ niin ettei sykkeet nouse;sellaista rallattelua ja v√§lill√§ pieni√§ iloitteluja (h√∂yryjen p√§√§st√§mist√§)","helppoa neulaspolkua;vain pieni√§ m√§ki√§;nelivetopaikkoja;rymyp√§tki√§","edellisen√§ p√§iv√§n√§;muutama p√§iv√§ aiemmin riitt√§√§"